latitude,longitude,brightness,scan,track,acq_date,acq_time,satellite,confidence,version,bright_t31,frp,daynight
23.69439,96.20164,324.29,1.16,1.07,2024-05-08,0330,T,77,6.1NRT,298.72,12.75,D
22.3766,96.92047,333.13,1.06,1.03,2024-05-08,0330,T,84,6.1NRT,306.6,18.37,D
20.09312,97.56567,334.48,1,1,2024-05-08,0330,T,84,6.1NRT,299.33,27.72,D
19.76351,99.53304,319.09,1.07,1.03,2024-05-08,0330,T,61,6.1NRT,297.66,10.54,D
19.7589,99.20027,318.61,1.05,1.02,2024-05-08,0330,T,70,6.1NRT,298.43,8.12,D
19.65327,99.40693,315.47,1.07,1.03,2024-05-08,0330,T,40,6.1NRT,299.3,7.12,D
19.64426,99.40515,315.91,1.07,1.03,2024-05-08,0330,T,35,6.1NRT,299.78,7.86,D
19.5472,98.20872,321.39,1,1,2024-05-08,0330,T,58,6.1NRT,301.24,6.97,D
19.23579,99.41731,311.98,1.08,1.04,2024-05-08,0330,T,52,6.1NRT,295.81,7.46,D
19.21639,94.07859,326.99,1.35,1.15,2024-05-08,0330,T,39,6.1NRT,303.2,16.06,D
18.93084,95.83592,326.03,1.09,1.04,2024-05-08,0330,T,72,6.1NRT,304.15,10.47,D
18.92393,95.82835,324.85,1.09,1.04,2024-05-08,0330,T,65,6.1NRT,303.89,10.77,D
18.48782,97.93713,322.62,1,1,2024-05-08,0330,T,73,6.1NRT,305.84,9.49,D
18.6776,96.21207,320.28,1.05,1.02,2024-05-08,0330,T,57,6.1NRT,302.3,7.92,D
17.70852,97.33568,316.73,1,1,2024-05-08,0330,T,47,6.1NRT,301.99,6.23,D
17.7166,96.16483,323.11,1.04,1.02,2024-05-08,0330,T,63,6.1NRT,303.01,8.94,D
17.71528,96.17437,323.17,1.04,1.02,2024-05-08,0330,T,63,6.1NRT,303.07,8.72,D
17.25471,98.58569,322.1,1.05,1.02,2024-05-08,0330,T,44,6.1NRT,302.61,10.18,D
17.65279,95.75469,326.09,1.07,1.03,2024-05-08,0330,T,55,6.1NRT,301.75,10.23,D
17.65147,95.7645,324.28,1.07,1.03,2024-05-08,0330,T,49,6.1NRT,303.29,7.75,D
17.60622,95.76131,327.14,1.07,1.03,2024-05-08,0330,T,34,6.1NRT,306.22,9.32,D
16.78008,101.24458,321.36,1.45,1.19,2024-05-08,0330,T,36,6.1NRT,298.39,10.25,D
17.4465,96.18402,321.07,1.03,1.02,2024-05-08,0330,T,37,6.1NRT,302.86,8.4,D
17.57903,94.92225,326.99,1.16,1.07,2024-05-08,0330,T,68,6.1NRT,305.03,12.39,D
17.19673,96.25358,326.08,1.03,1.01,2024-05-08,0330,T,55,6.1NRT,307.61,9.12,D
17.26086,95.45475,327.14,1.09,1.04,2024-05-08,0330,T,63,6.1NRT,305.69,8.55,D
17.22072,95.75016,325.08,1.06,1.03,2024-05-08,0330,T,44,6.1NRT,305.22,7.26,D
17.19069,95.83477,327.31,1.05,1.02,2024-05-08,0330,T,61,6.1NRT,303.59,12.82,D
17.26414,95.09769,338.78,1.12,1.06,2024-05-08,0330,T,84,6.1NRT,304.53,30.52,D
17.22811,95.36237,335.7,1.1,1.04,2024-05-08,0330,T,80,6.1NRT,303.18,23,D
17.24786,95.14784,330.28,1.12,1.05,2024-05-08,0330,T,72,6.1NRT,305.2,12.37,D
17.20252,95.48093,326.17,1.08,1.04,2024-05-08,0330,T,41,6.1NRT,306.31,8.33,D
17.2441,95.10538,326.78,1.12,1.06,2024-05-08,0330,T,58,6.1NRT,305.94,8.74,D
17.12538,95.37191,326.65,1.09,1.04,2024-05-08,0330,T,35,6.1NRT,305,7.59,D
17.11074,95.41058,329.29,1.09,1.04,2024-05-08,0330,T,60,6.1NRT,305.81,14.69,D
17.10291,95.39929,324.84,1.09,1.04,2024-05-08,0330,T,42,6.1NRT,305.1,7.64,D
17.04595,95.41565,323.72,1.09,1.04,2024-05-08,0330,T,29,6.1NRT,305.76,7.44,D
17.03678,95.41434,327.93,1.09,1.04,2024-05-08,0330,T,63,6.1NRT,306.09,12.44,D
16.94091,95.3738,327.36,1.09,1.04,2024-05-08,0330,T,62,6.1NRT,307.79,9.21,D
16.65917,95.61162,326.33,1.06,1.03,2024-05-08,0330,T,59,6.1NRT,306.21,10.83,D
16.65785,95.62133,324.3,1.06,1.03,2024-05-08,0330,T,44,6.1NRT,304.01,8.48,D
16.35311,97.7617,328.32,1.01,1.01,2024-05-08,0330,T,50,6.1NRT,307.61,11.2,D
16.69201,95.3096,324.24,1.09,1.04,2024-05-08,0330,T,34,6.1NRT,305.61,7.71,D
16.71614,94.78144,335.54,1.15,1.07,2024-05-08,0330,T,81,6.1NRT,306.58,23.08,D
16.5138,95.12869,326.65,1.1,1.05,2024-05-08,0330,T,59,6.1NRT,305.71,10.16,D
15.53933,101.21118,328.39,1.51,1.21,2024-05-08,0330,T,43,6.1NRT,302.09,16.22,D
15.53349,101.21777,327.13,1.52,1.22,2024-05-08,0330,T,48,6.1NRT,300.9,15.99,D
15.66124,98.42677,320.75,1.06,1.03,2024-05-08,0330,T,29,6.1NRT,303.38,8.9,D
15.65273,97.86796,315.47,1.02,1.01,2024-05-08,0330,T,63,6.1NRT,297.98,6.77,D
15.09983,100.83784,321.31,1.45,1.19,2024-05-08,0330,T,53,6.1NRT,299.86,10.79,D
15.00274,100.73466,325.56,1.43,1.18,2024-05-08,0330,T,74,6.1NRT,302.07,9.68,D
15.21924,98.11109,313.33,1.05,1.02,2024-05-08,0330,T,61,6.1NRT,295.47,5.79,D
15.21025,98.10973,313.14,1.05,1.02,2024-05-08,0330,T,60,6.1NRT,295.21,5.46,D
14.73213,97.96933,319.43,1.04,1.02,2024-05-08,0330,T,0,6.1NRT,301.11,9.64,D
14.47974,98.53352,319.07,1.1,1.04,2024-05-08,0330,T,69,6.1NRT,296.09,13.09,D
14.47165,98.53573,331.55,1.1,1.04,2024-05-08,0330,T,84,6.1NRT,297.08,30.16,D
14.24582,98.19421,323.73,1.07,1.03,2024-05-08,0332,T,61,6.1NRT,300.57,11.47,D
13.57722,100.77041,323.78,1.52,1.22,2024-05-08,0332,T,42,6.1NRT,298,16.66,D
13.06766,101.1938,318.13,1.67,1.27,2024-05-08,0332,T,35,6.1NRT,296.34,13.13,D
12.93036,101.11271,320.35,1.65,1.26,2024-05-08,0332,T,23,6.1NRT,295.21,15.62,D
8.22643,93.24229,310.91,1.12,1.06,2024-05-08,0332,T,33,6.1NRT,293.38,7.28,D
31.91437,75.50978,327.44,1.01,1,2024-05-08,0504,T,49,6.1NRT,308.57,9.09,D
31.87317,75.48077,326.26,1.01,1,2024-05-08,0504,T,68,6.1NRT,309.31,8.01,D
31.77796,76.08736,315.82,1,1,2024-05-08,0504,T,34,6.1NRT,301.84,4.83,D
32.05081,73.93277,335.01,1.1,1.05,2024-05-08,0504,T,77,6.1NRT,314.6,19.03,D
32.06816,73.51427,333.73,1.15,1.07,2024-05-08,0504,T,74,6.1NRT,316.14,14,D
32.04169,73.7254,329.91,1.12,1.06,2024-05-08,0504,T,65,6.1NRT,315.55,10.29,D
31.9402,74.51021,328.8,1.05,1.03,2024-05-08,0504,T,66,6.1NRT,313.09,9.57,D
31.79304,75.5872,332.83,1.01,1,2024-05-08,0504,T,60,6.1NRT,309.68,16.25,D
32.07498,73.38142,331.42,1.16,1.07,2024-05-08,0504,T,68,6.1NRT,316.92,10.76,D
31.82891,75.19931,323.96,1.02,1.01,2024-05-08,0504,T,55,6.1NRT,309.41,6.21,D
31.94864,74.01362,332.22,1.09,1.04,2024-05-08,0504,T,72,6.1NRT,313.99,15.34,D
31.63572,76.24352,322.55,1,1,2024-05-08,0504,T,70,6.1NRT,304.55,8.82,D
31.94766,73.89095,330.97,1.1,1.05,2024-05-08,0504,T,61,6.1NRT,316.08,10.89,D
31.60847,76.16848,328.28,1,1,2024-05-08,0504,T,77,6.1NRT,306.09,13.11,D
31.73558,75.20785,330.78,1.02,1.01,2024-05-08,0504,T,74,6.1NRT,310.81,13.72,D
32.17505,71.33475,331.19,1.5,1.21,2024-05-08,0504,T,44,6.1NRT,314.23,16.21,D
31.93344,73.47345,330.46,1.15,1.07,2024-05-08,0504,T,65,6.1NRT,316,8.24,D
31.91465,73.62636,335.54,1.13,1.06,2024-05-08,0504,T,77,6.1NRT,315.47,19.69,D
31.91321,73.63802,328.46,1.13,1.06,2024-05-08,0504,T,58,6.1NRT,314.87,8.25,D
31.64842,75.63816,324.28,1,1,2024-05-08,0504,T,64,6.1NRT,307.61,7.08,D
31.93684,73.24786,330.51,1.17,1.08,2024-05-08,0504,T,63,6.1NRT,316.01,12.32,D
31.88038,73.69766,328.7,1.12,1.06,2024-05-08,0504,T,59,6.1NRT,315.03,8.58,D
31.67462,75.24393,328.48,1.01,1.01,2024-05-08,0504,T,69,6.1NRT,309.74,11.01,D
31.88873,73.55631,330.65,1.14,1.06,2024-05-08,0504,T,65,6.1NRT,316.45,10.81,D
32.13577,71.35473,333.6,1.49,1.21,2024-05-08,0504,T,76,6.1NRT,316.62,23.99,D
31.75284,74.46471,327.92,1.05,1.03,2024-05-08,0504,T,62,6.1NRT,312.3,10.75,D
31.78252,74.16696,328.1,1.08,1.04,2024-05-08,0504,T,61,6.1NRT,314.79,8.48,D
31.83821,73.65514,330.56,1.12,1.06,2024-05-08,0504,T,66,6.1NRT,316.86,11.45,D
31.86809,73.33511,331.24,1.16,1.07,2024-05-08,0504,T,65,6.1NRT,317.34,10.12,D
31.64665,74.91656,328.03,1.03,1.01,2024-05-08,0504,T,65,6.1NRT,312.41,9.86,D
31.65698,74.5629,330.19,1.05,1.02,2024-05-08,0504,T,69,6.1NRT,315.56,9.47,D
31.54136,75.21289,324.27,1.01,1.01,2024-05-08,0504,T,54,6.1NRT,309.11,6.84,D
31.50622,75.27032,334.15,1.01,1.01,2024-05-08,0504,T,60,6.1NRT,311.64,18.22,D
31.56504,73.859,330.23,1.1,1.05,2024-05-08,0504,T,67,6.1NRT,315.59,10.35,D
31.56105,73.74237,330.33,1.11,1.05,2024-05-08,0504,T,53,6.1NRT,313.84,12.62,D
31.4578,74.53718,328.14,1.04,1.02,2024-05-08,0504,T,64,6.1NRT,313.48,9.25,D
31.37396,74.68002,345.86,1.04,1.02,2024-05-08,0504,T,90,6.1NRT,316.84,34.99,D
31.09481,76.63821,324.67,1.01,1.01,2024-05-08,0504,T,73,6.1NRT,304.5,10.23,D
31.47134,73.87175,328.15,1.1,1.04,2024-05-08,0504,T,57,6.1NRT,313.48,7.54,D
31.46989,73.883,333.47,1.09,1.04,2024-05-08,0504,T,74,6.1NRT,315.54,14.89,D
31.3396,74.66306,339.69,1.04,1.02,2024-05-08,0504,T,84,6.1NRT,317.09,22.55,D
31.27195,75.02769,360.19,1.02,1.01,2024-05-08,0504,T,100,6.1NRT,313.41,70.82,D
31.27053,75.0381,328.38,1.02,1.01,2024-05-08,0504,T,67,6.1NRT,311.97,9.53,D
31.33347,74.43235,327.85,1.05,1.02,2024-05-08,0504,T,62,6.1NRT,313.55,9.06,D
31.03665,76.54198,322.05,1.01,1,2024-05-08,0504,T,0,6.1NRT,304.95,8.77,D
31.23784,75.06824,329.91,1.02,1.01,2024-05-08,0504,T,50,6.1NRT,309.94,13.89,D
31.2419,74.97295,327.24,1.02,1.01,2024-05-08,0504,T,63,6.1NRT,312.93,7.31,D
31.24047,74.98338,331.78,1.02,1.01,2024-05-08,0504,T,74,6.1NRT,313.2,13.37,D
31.3933,73.69,332.52,1.11,1.05,2024-05-08,0504,T,70,6.1NRT,317.77,13.05,D
31.26948,74.5679,333.34,1.04,1.02,2024-05-08,0504,T,75,6.1NRT,318.35,10.84,D
31.2525,74.48846,334.52,1.04,1.02,2024-05-08,0504,T,77,6.1NRT,314.41,16.98,D
31.22183,74.58128,333.13,1.04,1.02,2024-05-08,0504,T,75,6.1NRT,316.19,10.89,D
31.22042,74.59191,343.83,1.04,1.02,2024-05-08,0504,T,88,6.1NRT,316.29,29.51,D
31.28684,73.65469,332.17,1.11,1.05,2024-05-08,0504,T,69,6.1NRT,317.23,11.36,D
31.5962,70.63623,332.17,1.63,1.26,2024-05-08,0504,T,74,6.1NRT,306.6,34.3,D
31.59596,70.62932,326.4,1.63,1.26,2024-05-08,0504,T,58,6.1NRT,307.66,19.87,D
31.15571,74.31609,330.6,1.05,1.03,2024-05-08,0504,T,60,6.1NRT,315.14,12.36,D
30.93027,75.93504,328.08,1,1,2024-05-08,0504,T,71,6.1NRT,306.25,11.52,D
31.37977,72.46407,331.33,1.26,1.12,2024-05-08,0504,T,67,6.1NRT,315.44,14.03,D
31.1323,73.85264,326.94,1.09,1.04,2024-05-08,0504,T,50,6.1NRT,311.92,10.21,D
30.84417,75.82896,328.34,1,1,2024-05-08,0504,T,70,6.1NRT,308.53,11.62,D
31.01693,74.52651,325.59,1.04,1.02,2024-05-08,0504,T,37,6.1NRT,308.92,10,D
31.0155,74.53712,328.91,1.04,1.02,2024-05-08,0504,T,59,6.1NRT,312.15,12.83,D
30.95664,74.90285,334.27,1.02,1.01,2024-05-08,0504,T,77,6.1NRT,316.8,13.39,D
30.87329,75.49971,325.19,1,1,2024-05-08,0504,T,58,6.1NRT,307.6,9.72,D
31.24038,72.52846,332.17,1.25,1.11,2024-05-08,0504,T,70,6.1NRT,316.5,13.28,D
30.74978,76.16638,321.81,1,1,2024-05-08,0504,T,52,6.1NRT,304.79,7.38,D
30.22692,79.35754,309,1.29,1.13,2024-05-08,0504,T,34,6.1NRT,292.77,8.57,D
30.74717,76.06125,327.64,1,1,2024-05-08,0504,T,70,6.1NRT,306.38,11.03,D
30.24099,79.16025,314.56,1.26,1.12,2024-05-08,0504,T,49,6.1NRT,295.29,12.09,D
30.63284,76.6952,322.53,1.02,1.01,2024-05-08,0504,T,60,6.1NRT,304.85,7.01,D
30.23791,79.16635,319.91,1.26,1.12,2024-05-08,0504,T,65,6.1NRT,293.97,20.2,D
30.89894,74.65056,335.38,1.03,1.01,2024-05-08,0504,T,78,6.1NRT,320.2,13.97,D
31.17671,72.11105,327.78,1.31,1.14,2024-05-08,0504,T,54,6.1NRT,311.01,12.09,D
30.79078,75.17349,332.44,1.01,1,2024-05-08,0504,T,75,6.1NRT,311.81,14.72,D
30.78935,75.18376,328.65,1.01,1,2024-05-08,0504,T,67,6.1NRT,312.65,9.72,D
30.10368,79.47179,313.23,1.32,1.14,2024-05-08,0504,T,40,6.1NRT,295.95,9.33,D
30.10154,79.48394,314.36,1.32,1.14,2024-05-08,0504,T,54,6.1NRT,296.33,11.36,D
30.87225,74.3689,335.17,1.05,1.02,2024-05-08,0504,T,62,6.1NRT,316.46,21.22,D
30.81788,74.76945,337.15,1.02,1.01,2024-05-08,0504,T,81,6.1NRT,318.89,14.79,D
30.74263,75.11653,329.48,1.01,1,2024-05-08,0504,T,68,6.1NRT,312.89,10.99,D
30.73547,75.16788,326.47,1.01,1,2024-05-08,0504,T,58,6.1NRT,309.93,7.56,D
30.77233,74.83597,333.73,1.02,1.01,2024-05-08,0504,T,76,6.1NRT,316.89,10.82,D
30.77091,74.84635,331.15,1.02,1.01,2024-05-08,0504,T,71,6.1NRT,316.28,7.42,D
30.43828,77.12202,321.75,1.04,1.02,2024-05-08,0504,T,61,6.1NRT,301.29,7.81,D
30.81028,74.48853,333.34,1.04,1.02,2024-05-08,0504,T,74,6.1NRT,319.44,9.71,D
30.69629,75.31821,326.64,1,1,2024-05-08,0504,T,60,6.1NRT,308.87,9.12,D
30.77867,74.65542,337.65,1.03,1.01,2024-05-08,0504,T,81,6.1NRT,317.37,17.34,D
30.41714,77.13944,322.71,1.04,1.02,2024-05-08,0504,T,64,6.1NRT,301.45,8.49,D
30.72934,74.81763,333.64,1.02,1.01,2024-05-08,0504,T,76,6.1NRT,318.06,10.67,D
30.72792,74.82802,336.88,1.02,1.01,2024-05-08,0504,T,80,6.1NRT,317.31,15.84,D
30.76845,74.38786,345.77,1.04,1.02,2024-05-08,0504,T,89,6.1NRT,316.67,32.72,D
30.76702,74.39849,330.14,1.04,1.02,2024-05-08,0504,T,54,6.1NRT,314.42,6.49,D
30.7656,74.40911,332.96,1.04,1.02,2024-05-08,0504,T,73,6.1NRT,317.04,10.14,D
30.7556,74.48325,337.84,1.04,1.02,2024-05-08,0504,T,81,6.1NRT,319.66,15.68,D
30.75417,74.49381,334.52,1.04,1.02,2024-05-08,0504,T,76,6.1NRT,320.63,10.7,D
30.74528,74.28567,331.69,1.05,1.02,2024-05-08,0504,T,59,6.1NRT,316.69,10.37,D
30.67155,74.83275,342.61,1.02,1.01,2024-05-08,0504,T,87,6.1NRT,317.87,26.27,D
30.67012,74.84312,331.91,1.02,1.01,2024-05-08,0504,T,72,6.1NRT,317.03,9.34,D
30.57512,75.33125,324.5,1,1,2024-05-08,0504,T,38,6.1NRT,308.73,6.92,D
30.71908,74.20439,330.69,1.05,1.03,2024-05-08,0504,T,67,6.1NRT,315.49,10.71,D
30.71768,74.21514,333.17,1.05,1.03,2024-05-08,0504,T,73,6.1NRT,314.63,13.71,D
30.31632,77.0151,319.96,1.04,1.02,2024-05-08,0504,T,48,6.1NRT,302.33,5.92,D
30.31469,77.02556,323,1.04,1.02,2024-05-08,0504,T,63,6.1NRT,302.81,9.01,D
30.72395,74.09998,325.97,1.06,1.03,2024-05-08,0504,T,29,6.1NRT,310.47,8.78,D
30.66242,74.55788,334.19,1.03,1.02,2024-05-08,0504,T,75,6.1NRT,319.29,10.18,D
30.71489,74.09843,327.76,1.06,1.03,2024-05-08,0504,T,55,6.1NRT,309.92,11.11,D
30.61179,74.7947,330.56,1.02,1.01,2024-05-08,0504,T,68,6.1NRT,315.74,8.5,D
30.62567,74.62651,336.8,1.03,1.01,2024-05-08,0504,T,80,6.1NRT,318.99,13.24,D
31.05886,70.76026,328.56,1.58,1.24,2024-05-08,0504,T,64,6.1NRT,313.15,15.74,D
30.63232,74.30375,334.85,1.05,1.02,2024-05-08,0504,T,76,6.1NRT,318.58,10.81,D
30.1872,77.36463,320.65,1.06,1.03,2024-05-08,0504,T,57,6.1NRT,301.68,7.2,D
30.1855,77.37533,323.6,1.06,1.03,2024-05-08,0504,T,65,6.1NRT,301.24,11.44,D
30.61629,74.35535,335.05,1.04,1.02,2024-05-08,0504,T,63,6.1NRT,320.04,9.47,D
30.58531,74.58725,332.39,1.03,1.01,2024-05-08,0504,T,72,6.1NRT,318.54,7.6,D
30.47156,75.41047,327.36,1,1,2024-05-08,0504,T,60,6.1NRT,310.52,8.29,D
30.60333,74.31389,341.11,1.05,1.02,2024-05-08,0504,T,85,6.1NRT,319.96,21.25,D
30.52477,74.88917,331.37,1.02,1.01,2024-05-08,0504,T,70,6.1NRT,315.24,10.41,D
30.22206,76.96205,324.64,1.04,1.02,2024-05-08,0504,T,66,6.1NRT,302.53,11.6,D
30.61576,74.15202,334.68,1.06,1.03,2024-05-08,0504,T,76,6.1NRT,315.24,15.42,D
30.61147,74.18422,332,1.05,1.03,2024-05-08,0504,T,56,6.1NRT,315.92,9.51,D
30.61004,74.19494,332.91,1.05,1.02,2024-05-08,0504,T,65,6.1NRT,315.14,10.72,D
30.44414,75.39893,328.18,1,1,2024-05-08,0504,T,61,6.1NRT,310.82,9.58,D
30.24333,76.76284,323.84,1.03,1.01,2024-05-08,0504,T,62,6.1NRT,303.37,9.88,D
30.44256,75.34648,328.96,1,1,2024-05-08,0504,T,64,6.1NRT,310.05,9.87,D
30.19618,77.01073,323.17,1.04,1.02,2024-05-08,0504,T,62,6.1NRT,302.72,9.06,D
30.40773,75.52758,333.39,1,1,2024-05-08,0504,T,75,6.1NRT,309.93,16.18,D
30.40192,75.56812,325.58,1,1,2024-05-08,0504,T,47,6.1NRT,308.51,6.82,D
30.40047,75.57825,331.78,1,1,2024-05-08,0504,T,72,6.1NRT,309.28,14.51,D
30.50923,74.73799,331.78,1.02,1.01,2024-05-08,0504,T,70,6.1NRT,317.83,8.34,D
30.48791,74.89312,329.62,1.02,1.01,2024-05-08,0504,T,65,6.1NRT,313.84,8.01,D
30.32995,76.00182,323.75,1,1,2024-05-08,0504,T,47,6.1NRT,307.11,5.98,D
30.73967,72.80083,326.06,1.2,1.09,2024-05-08,0504,T,27,6.1NRT,311.97,10.1,D
30.43887,75.11575,333.81,1.01,1,2024-05-08,0504,T,75,6.1NRT,313.18,14.68,D
30.53758,74.32424,335.17,1.04,1.02,2024-05-08,0504,T,77,6.1NRT,319.93,11,D
30.53617,74.33485,342.65,1.04,1.02,2024-05-08,0504,T,86,6.1NRT,319.51,23.5,D
30.35951,75.61219,332.48,1,1,2024-05-08,0504,T,73,6.1NRT,308.61,15.32,D
30.20588,76.64912,324.16,1.02,1.01,2024-05-08,0504,T,62,6.1NRT,304.45,8.27,D
30.20431,76.65941,323.63,1.02,1.01,2024-05-08,0504,T,60,6.1NRT,304.39,7.93,D
30.55672,74.10891,331.64,1.06,1.03,2024-05-08,0504,T,64,6.1NRT,313.49,9.28,D
30.39549,75.29607,327.02,1,1,2024-05-08,0504,T,56,6.1NRT,310.27,7.07,D
30.54767,74.10737,335.01,1.06,1.03,2024-05-08,0504,T,76,6.1NRT,315.7,14.38,D
30.40955,75.13137,330.37,1.01,1,2024-05-08,0504,T,68,6.1NRT,312.14,9.75,D
30.32149,75.75056,326.81,1,1,2024-05-08,0504,T,59,6.1NRT,308.33,8.2,D
30.51974,74.2499,336.84,1.05,1.02,2024-05-08,0504,T,79,6.1NRT,318.6,15.45,D
30.51787,74.19499,332.83,1.05,1.02,2024-05-08,0504,T,68,6.1NRT,317.2,8.96,D
30.17511,76.54191,324.01,1.02,1.01,2024-05-08,0504,T,59,6.1NRT,305.61,7.37,D
30.63776,73.12032,329.67,1.15,1.07,2024-05-08,0504,T,63,6.1NRT,315.4,11.11,D
30.40718,74.8093,347.2,1.02,1.01,2024-05-08,0504,T,91,6.1NRT,318.52,34.73,D
30.40576,74.81962,335.74,1.02,1.01,2024-05-08,0504,T,76,6.1NRT,316.69,14.47,D
30.39831,74.80771,335.13,1.02,1.01,2024-05-08,0504,T,65,6.1NRT,316.97,13.17,D
30.39689,74.81803,334.48,1.02,1.01,2024-05-08,0504,T,75,6.1NRT,316.42,12.66,D
30.48407,74.10151,334.56,1.06,1.03,2024-05-08,0504,T,75,6.1NRT,316.2,13.44,D
30.39329,74.71146,331.87,1.02,1.01,2024-05-08,0504,T,70,6.1NRT,317.52,8.35,D
29.98915,77.44446,318.33,1.07,1.03,2024-05-08,0504,T,44,6.1NRT,301.58,6.61,D
30.73711,71.76455,331.46,1.36,1.15,2024-05-08,0504,T,71,6.1NRT,312.82,18.01,D
30.73559,71.7784,331.19,1.35,1.15,2024-05-08,0504,T,70,6.1NRT,312.65,17.2,D
30.73809,71.77197,333.68,1.35,1.15,2024-05-08,0504,T,75,6.1NRT,312.61,21.25,D
30.34507,74.85493,335.74,1.02,1.01,2024-05-08,0504,T,66,6.1NRT,317.38,13.81,D
30.34364,74.86523,339.94,1.02,1.01,2024-05-08,0504,T,83,6.1NRT,317.43,21.92,D
30.34221,74.87551,332.26,1.01,1.01,2024-05-08,0504,T,67,6.1NRT,316.77,9.67,D
30.06179,76.79955,320.36,1.03,1.01,2024-05-08,0504,T,15,6.1NRT,303.27,6.77,D
30.44163,74.0766,331.69,1.06,1.03,2024-05-08,0504,T,69,6.1NRT,316.03,9.65,D
30.33906,74.83276,333.51,1.02,1.01,2024-05-08,0504,T,72,6.1NRT,317.03,10.52,D
30.41075,74.16996,332.87,1.05,1.02,2024-05-08,0504,T,72,6.1NRT,316.59,9.7,D
30.40932,74.18063,331.24,1.05,1.02,2024-05-08,0504,T,58,6.1NRT,316.65,7.13,D
30.23249,75.46163,330.51,1,1,2024-05-08,0504,T,68,6.1NRT,309.65,11.32,D
30.24637,75.17269,328.43,1.01,1,2024-05-08,0504,T,56,6.1NRT,312.42,7.24,D
30.21478,75.396,331.37,1,1,2024-05-08,0504,T,70,6.1NRT,312.23,11.92,D
30.38453,74.08884,332.87,1.06,1.03,2024-05-08,0504,T,71,6.1NRT,316.22,10.61,D
30.28305,74.84385,334.89,1.02,1.01,2024-05-08,0504,T,76,6.1NRT,316.78,12.99,D
30.39376,73.94704,333.68,1.07,1.03,2024-05-08,0504,T,73,6.1NRT,318.19,12.26,D
30.18275,75.49395,330.23,1,1,2024-05-08,0504,T,67,6.1NRT,311,10.76,D
30.28366,74.7066,334.06,1.02,1.01,2024-05-08,0504,T,74,6.1NRT,318.06,11.46,D
29.95271,76.97083,327.83,1.04,1.02,2024-05-08,0504,T,72,6.1NRT,302.58,14.83,D
29.95108,76.98129,322.77,1.04,1.02,2024-05-08,0504,T,60,6.1NRT,302.35,8.7,D
30.13331,75.69662,325.38,1,1,2024-05-08,0504,T,45,6.1NRT,308.86,6.83,D
30.16668,75.40192,328.96,1,1,2024-05-08,0504,T,62,6.1NRT,310.8,9.81,D
30.14058,75.58389,327.74,1,1,2024-05-08,0504,T,59,6.1NRT,308.96,8.88,D
30.18236,75.22801,328.63,1,1,2024-05-08,0504,T,59,6.1NRT,312.92,7.51,D
30.35637,73.81229,331.91,1.08,1.04,2024-05-08,0504,T,68,6.1NRT,317.04,11.76,D
30.21611,74.85744,341.87,1.01,1.01,2024-05-08,0504,T,85,6.1NRT,317.14,24.73,D
30.21469,74.86771,335.54,1.01,1.01,2024-05-08,0504,T,76,6.1NRT,317.3,14.35,D
30.17048,75.18417,333.3,1,1,2024-05-08,0504,T,73,6.1NRT,313.57,13.09,D
30.27654,74.34687,334.35,1.04,1.02,2024-05-08,0504,T,74,6.1NRT,318.08,12.38,D
30.13583,75.36507,329.81,1,1,2024-05-08,0504,T,64,6.1NRT,311.41,9.71,D
29.85273,77.19436,323.45,1.06,1.03,2024-05-08,0504,T,64,6.1NRT,302.81,9.97,D
30.26283,74.31215,331.64,1.04,1.02,2024-05-08,0504,T,68,6.1NRT,317.62,7.71,D
30.24685,74.36326,332.91,1.04,1.02,2024-05-08,0504,T,60,6.1NRT,318.46,9,D
30.23789,74.3617,337.54,1.04,1.02,2024-05-08,0504,T,79,6.1NRT,318,16.69,D
30.16335,74.91104,338.18,1.01,1.01,2024-05-08,0504,T,81,6.1NRT,315.92,19.41,D
30.10639,75.31811,331.15,1,1,2024-05-08,0504,T,68,6.1NRT,312.48,11.33,D
30.10496,75.32823,329.05,1,1,2024-05-08,0504,T,61,6.1NRT,311.48,8.83,D
30.09498,75.25752,334.06,1,1,2024-05-08,0504,T,74,6.1NRT,313.93,14.64,D
30.02821,75.5979,333.64,1,1,2024-05-08,0504,T,75,6.1NRT,310.59,15.88,D
30.11712,74.90673,341.46,1.01,1.01,2024-05-08,0504,T,84,6.1NRT,316.41,24.13,D
30.24821,73.86551,337.61,1.07,1.03,2024-05-08,0504,T,78,6.1NRT,320.86,14.62,D
30.1352,74.71006,339.44,1.02,1.01,2024-05-08,0504,T,82,6.1NRT,316.28,19.58,D
29.82018,76.74966,322.9,1.03,1.01,2024-05-08,0504,T,53,6.1NRT,305.23,6.31,D
30.09447,74.80819,334.44,1.02,1.01,2024-05-08,0504,T,74,6.1NRT,315.87,12.38,D
29.98865,75.55946,327.97,1,1,2024-05-08,0504,T,59,6.1NRT,310.4,8.48,D
30.12218,74.53821,335.01,1.03,1.01,2024-05-08,0504,T,75,6.1NRT,319.09,11.88,D
30.12078,74.5486,336.8,1.03,1.01,2024-05-08,0504,T,78,6.1NRT,320.04,14.76,D
30.04738,75.08231,329.86,1.01,1,2024-05-08,0504,T,62,6.1NRT,314.54,8.05,D
29.92584,75.85239,327.27,1,1,2024-05-08,0504,T,60,6.1NRT,309.36,8.2,D
29.8185,76.57349,325.06,1.02,1.01,2024-05-08,0504,T,60,6.1NRT,305.66,9.04,D
30.04586,74.95065,330.97,1.01,1,2024-05-08,0504,T,64,6.1NRT,315.56,8.62,D
30.11937,74.34998,332.31,1.04,1.02,2024-05-08,0504,T,67,6.1NRT,318.45,9.12,D
30.0906,74.49461,339.18,1.03,1.01,2024-05-08,0504,T,81,6.1NRT,320.74,17.95,D
29.9853,75.25217,329.91,1,1,2024-05-08,0504,T,62,6.1NRT,313.85,8.56,D
30.09299,74.40968,332.91,1.03,1.02,2024-05-08,0504,T,69,6.1NRT,319.13,8.57,D
29.85083,75.99375,326.57,1,1,2024-05-08,0504,T,59,6.1NRT,308.11,7.93,D
29.84934,76.00385,330.83,1,1,2024-05-08,0504,T,72,6.1NRT,308.72,13.41,D
30.06899,74.38411,340.3,1.03,1.02,2024-05-08,0504,T,82,6.1NRT,318.81,21.54,D
30.00559,74.8492,331.64,1.01,1.01,2024-05-08,0504,T,66,6.1NRT,315.79,9.03,D
30.4038,71.56295,325.47,1.38,1.16,2024-05-08,0504,T,42,6.1NRT,309.87,14.12,D
29.88634,75.56543,328.14,1,1,2024-05-08,0504,T,59,6.1NRT,310.33,8.33,D
29.84425,75.77872,327.42,1,1,2024-05-08,0504,T,58,6.1NRT,309.62,8.22,D
29.84278,75.7888,328.52,1,1,2024-05-08,0504,T,63,6.1NRT,309.15,9.55,D
30.0023,74.6001,334.48,1.02,1.01,2024-05-08,0504,T,72,6.1NRT,319.84,11.06,D
29.93252,75.10107,334.06,1.01,1,2024-05-08,0504,T,72,6.1NRT,315.92,12.92,D
29.93109,75.11121,332.91,1.01,1,2024-05-08,0504,T,69,6.1NRT,316.13,11.41,D
29.97886,74.63824,335.13,1.02,1.01,2024-05-08,0504,T,69,6.1NRT,317.46,11.18,D
29.88362,74.99857,335.21,1.01,1,2024-05-08,0504,T,74,6.1NRT,316.91,13.4,D
29.88329,74.93596,337.27,1.01,1,2024-05-08,0504,T,78,6.1NRT,316.54,15.63,D
29.88187,74.94614,342.34,1.01,1,2024-05-08,0504,T,85,6.1NRT,317.02,24.35,D
29.85641,75.04996,331.51,1.01,1,2024-05-08,0504,T,63,6.1NRT,316.14,8.55,D
29.81622,75.33302,328.25,1,1,2024-05-08,0504,T,49,6.1NRT,312.93,7.52,D
29.75661,75.68378,326.18,1,1,2024-05-08,0504,T,37,6.1NRT,309.5,6.25,D
29.78709,75.4104,336.92,1,1,2024-05-08,0504,T,78,6.1NRT,313.27,19.69,D
29.66592,76.23723,330.14,1.01,1.01,2024-05-08,0504,T,70,6.1NRT,307.35,13.39,D
29.70365,75.92213,327.81,1,1,2024-05-08,0504,T,61,6.1NRT,307.51,9.96,D
29.87364,74.66622,335.05,1.02,1.01,2024-05-08,0504,T,65,6.1NRT,320.51,8.92,D
29.72147,75.6772,327.43,1,1,2024-05-08,0504,T,53,6.1NRT,310.11,7.59,D
29.85871,74.64254,335.54,1.02,1.01,2024-05-08,0504,T,72,6.1NRT,320.07,10.89,D
29.70829,75.70573,328.8,1,1,2024-05-08,0504,T,61,6.1NRT,309.89,9.46,D
29.08265,79.45973,315.28,1.37,1.16,2024-05-08,0504,T,48,6.1NRT,296.95,9.04,D
29.04079,79.69421,326.61,1.42,1.18,2024-05-08,0504,T,53,6.1NRT,298.74,22.35,D
29.71545,75.46951,329.91,1,1,2024-05-08,0504,T,62,6.1NRT,312.68,9.66,D
29.03462,79.68631,323.85,1.42,1.18,2024-05-08,0504,T,58,6.1NRT,298.66,18.46,D
29.03218,79.70036,323.01,1.42,1.18,2024-05-08,0504,T,64,6.1NRT,299.05,15.58,D
29.97062,73.45729,336.02,1.1,1.05,2024-05-08,0504,T,73,6.1NRT,320.18,14.87,D
29.50049,76.77875,328.67,1.04,1.02,2024-05-08,0504,T,69,6.1NRT,305.65,14.1,D
29.6486,75.7294,328.98,1,1,2024-05-08,0504,T,61,6.1NRT,310.18,10.23,D
28.9786,79.76163,318.84,1.43,1.18,2024-05-08,0504,T,51,6.1NRT,298.52,9.76,D
29.82867,74.18414,335.34,1.04,1.02,2024-05-08,0504,T,71,6.1NRT,321,9.26,D
29.53718,76.23717,326.14,1.01,1.01,2024-05-08,0504,T,56,6.1NRT,308.86,7.48,D
29.54253,76.01974,328.21,1.01,1,2024-05-08,0504,T,63,6.1NRT,309.41,9.52,D
29.41112,76.63794,326.12,1.03,1.01,2024-05-08,0504,T,60,6.1NRT,305.91,10.16,D
29.65566,74.9078,332.66,1.01,1,2024-05-08,0504,T,64,6.1NRT,318.36,8.34,D
28.87499,79.82137,320.72,1.45,1.19,2024-05-08,0504,T,58,6.1NRT,298.9,13.8,D
28.87243,79.83575,324.43,1.46,1.19,2024-05-08,0504,T,75,6.1NRT,299.44,20.77,D
30.00486,72.12132,330.78,1.27,1.12,2024-05-08,0504,T,64,6.1NRT,311.25,15.4,D
30.00335,72.13418,328.43,1.27,1.12,2024-05-08,0504,T,50,6.1NRT,312.71,11.4,D
29.61813,75.04638,330.74,1,1,2024-05-08,0504,T,56,6.1NRT,316.43,7.62,D
29.36348,76.6498,333.09,1.03,1.01,2024-05-08,0504,T,77,6.1NRT,306.8,18.9,D
28.75574,79.908,319.95,1.48,1.2,2024-05-08,0504,T,66,6.1NRT,299.6,9.86,D
28.75312,79.92258,327.95,1.48,1.2,2024-05-08,0504,T,80,6.1NRT,301.07,26.75,D
29.64183,74.20387,337.04,1.04,1.02,2024-05-08,0504,T,74,6.1NRT,320.02,14.41,D
29.60112,74.50459,337.04,1.02,1.01,2024-05-08,0504,T,74,6.1NRT,321.25,13.47,D
29.58847,74.59698,338.89,1.02,1.01,2024-05-08,0504,T,78,6.1NRT,320.66,16.19,D
29.56733,74.75017,331.91,1.01,1.01,2024-05-08,0504,T,58,6.1NRT,317.65,7.57,D
29.94998,71.4374,326.25,1.39,1.17,2024-05-08,0504,T,45,6.1NRT,310.21,12.49,D
29.38132,75.72279,327.28,1,1,2024-05-08,0504,T,44,6.1NRT,310.49,6.84,D
29.17795,76.88953,323.98,1.05,1.02,2024-05-08,0504,T,46,6.1NRT,306.48,8.08,D
29.48792,74.65703,333.22,1.02,1.01,2024-05-08,0504,T,59,6.1NRT,317.55,7.85,D
28.47679,80.79749,320.87,1.71,1.28,2024-05-08,0504,T,71,6.1NRT,298.32,24.37,D
29.47955,74.5194,333.43,1.02,1.01,2024-05-08,0504,T,64,6.1NRT,319.53,7.84,D
29.14339,76.5136,341.32,1.03,1.01,2024-05-08,0504,T,85,6.1NRT,310.73,28.1,D
29.13034,76.4794,331.33,1.03,1.01,2024-05-08,0504,T,70,6.1NRT,309.5,13.18,D
29.4698,74.04395,339.22,1.05,1.02,2024-05-08,0504,T,78,6.1NRT,317.81,19.54,D
29.06795,76.76451,335.46,1.04,1.02,2024-05-08,0504,T,79,6.1NRT,308.34,21.95,D
29.37832,74.51004,335.34,1.02,1.01,2024-05-08,0504,T,70,6.1NRT,320.08,10.98,D
29.3769,74.52027,336.69,1.02,1.01,2024-05-08,0504,T,74,6.1NRT,320.69,12.69,D
29.10461,76.27952,326.95,1.02,1.01,2024-05-08,0504,T,44,6.1NRT,308.98,9.86,D
29.05642,76.41693,327.99,1.02,1.01,2024-05-08,0504,T,57,6.1NRT,309.23,9.39,D
29.02715,76.54833,328.1,1.03,1.01,2024-05-08,0504,T,60,6.1NRT,309.67,9.25,D
28.39272,80.30916,325.36,1.59,1.24,2024-05-08,0504,T,70,6.1NRT,300.01,27.56,D
29.34694,74.27287,332.35,1.03,1.01,2024-05-08,0504,T,60,6.1NRT,317.27,7.52,D
28.3819,80.30665,326.81,1.59,1.24,2024-05-08,0504,T,75,6.1NRT,299.48,30.13,D
29.02874,76.35908,328.4,1.02,1.01,2024-05-08,0504,T,58,6.1NRT,309.72,9.12,D
28.91385,76.9803,328.98,1.06,1.03,2024-05-08,0504,T,67,6.1NRT,307.4,13.95,D
28.99106,76.4188,332.13,1.02,1.01,2024-05-08,0504,T,69,6.1NRT,309.89,12.27,D
29.36538,73.72088,338.74,1.07,1.03,2024-05-08,0504,T,74,6.1NRT,321.11,19.04,D
28.98063,76.42729,328.74,1.03,1.01,2024-05-08,0504,T,58,6.1NRT,311.03,7.5,D
28.94562,76.35751,332.13,1.02,1.01,2024-05-08,0504,T,69,6.1NRT,309.97,13.65,D
28.94407,76.36768,328.36,1.02,1.01,2024-05-08,0504,T,51,6.1NRT,310.42,8.17,D
28.83345,77.01867,325.54,1.06,1.03,2024-05-08,0504,T,54,6.1NRT,306.67,9.31,D
28.93427,76.1823,338.89,1.02,1.01,2024-05-08,0504,T,80,6.1NRT,311.8,21.97,D
28.20164,80.58652,326.3,1.68,1.27,2024-05-08,0504,T,75,6.1NRT,297.73,31.73,D
28.91812,76.1688,331.42,1.02,1.01,2024-05-08,0504,T,53,6.1NRT,312.38,10.84,D
28.89356,76.33108,331.19,1.02,1.01,2024-05-08,0504,T,65,6.1NRT,309.95,12.19,D
28.80775,76.88818,326.83,1.05,1.03,2024-05-08,0504,T,55,6.1NRT,308.77,8.21,D
28.72544,76.8223,328.99,1.05,1.02,2024-05-08,0504,T,58,6.1NRT,310.19,10,D
29.22359,73.10315,334.68,1.12,1.05,2024-05-08,0504,T,68,6.1NRT,317.3,13.51,D
28.78117,76.28199,328.05,1.02,1.01,2024-05-08,0504,T,34,6.1NRT,310.03,8.08,D
29.41021,71.44908,332.87,1.36,1.16,2024-05-08,0504,T,66,6.1NRT,313.12,20.96,D
28.64134,76.7674,327.87,1.05,1.02,2024-05-08,0504,T,53,6.1NRT,309,9.8,D
27.77605,81.41109,318.05,1.95,1.36,2024-05-08,0504,T,57,6.1NRT,297.83,15.08,D
27.93946,80.06078,327.1,1.57,1.23,2024-05-08,0504,T,76,6.1NRT,300.42,24.2,D
28.52172,76.58199,332.31,1.04,1.02,2024-05-08,0504,T,67,6.1NRT,310.58,13.79,D
27.93701,80.05447,324.89,1.57,1.23,2024-05-08,0504,T,72,6.1NRT,300.37,20.64,D
29.27911,70.63193,331.69,1.52,1.22,2024-05-08,0504,T,61,6.1NRT,314.68,17.06,D
27.86826,79.3885,322.21,1.42,1.18,2024-05-08,0504,T,65,6.1NRT,302.66,10.82,D
28.47268,69.74301,334.6,1.7,1.28,2024-05-08,0506,T,53,6.1NRT,312.97,30.64,D
26.70125,75.47588,335.9,1.01,1.01,2024-05-08,0506,T,72,6.1NRT,318.16,11.48,D
25.79424,78.91257,333.64,1.45,1.19,2024-05-08,0506,T,77,6.1NRT,310.25,24.7,D
25.76612,78.95012,333.51,1.46,1.19,2024-05-08,0506,T,76,6.1NRT,309.38,23.36,D
25.68992,78.6712,331.82,1.4,1.17,2024-05-08,0506,T,73,6.1NRT,311.66,16.69,D
25.68347,78.66334,330.19,1.4,1.17,2024-05-08,0506,T,65,6.1NRT,311.54,12.29,D
25.56085,76.15753,333.77,1.06,1.03,2024-05-08,0506,T,66,6.1NRT,318.72,9.64,D
24.70143,81.07309,327.01,2.15,1.42,2024-05-08,0506,T,64,6.1NRT,304.81,24.63,D
24.7001,81.06623,326.68,2.15,1.42,2024-05-08,0506,T,56,6.1NRT,304.58,22.63,D
25.44334,76.08105,339.76,1.06,1.03,2024-05-08,0506,T,79,6.1NRT,319.27,17.64,D
25.46442,75.82404,343.87,1.04,1.02,2024-05-08,0506,T,85,6.1NRT,319.76,26.69,D
25.46287,75.83411,345.4,1.04,1.02,2024-05-08,0506,T,87,6.1NRT,318.36,29.35,D
25.43946,75.74722,340.48,1.04,1.02,2024-05-08,0506,T,81,6.1NRT,318.51,19.12,D
25.18865,76.16931,334.39,1.07,1.03,2024-05-08,0506,T,68,6.1NRT,317.33,11.03,D
25.18703,76.17964,336.18,1.07,1.03,2024-05-08,0506,T,72,6.1NRT,317.49,14.16,D
25.05648,76.06869,333.04,1.07,1.03,2024-05-08,0506,T,63,6.1NRT,317.25,9.45,D
24.60285,76.87431,335.7,1.16,1.07,2024-05-08,0506,T,73,6.1NRT,319.01,11.26,D
24.16163,78.44615,330.33,1.45,1.19,2024-05-08,0506,T,64,6.1NRT,311.99,15.11,D
24.69813,74.32577,334.89,1,1,2024-05-08,0506,T,72,6.1NRT,314.75,13.11,D
23.73483,77.56574,328.96,1.3,1.13,2024-05-08,0506,T,52,6.1NRT,312.06,9.79,D
24.14962,73.45145,332.13,1.01,1.01,2024-05-08,0506,T,70,6.1NRT,315.46,9.67,D
22.03954,83.75085,317.91,3.87,1.83,2024-05-08,0506,T,46,6.1NRT,299.33,40.28,D
22.39408,79.8764,329.2,1.96,1.37,2024-05-08,0506,T,76,6.1NRT,306.93,27.98,D
22.40096,79.87224,329.81,1.96,1.37,2024-05-08,0506,T,77,6.1NRT,307.23,30.68,D
22.77813,76.36742,330.74,1.16,1.07,2024-05-08,0506,T,72,6.1NRT,312.42,10.94,D
22.74885,69.60596,311.68,1.45,1.19,2024-05-08,0506,T,35,6.1NRT,300.4,9.88,D
19.7851,74.80167,332.04,1.07,1.03,2024-05-08,0508,T,64,6.1NRT,313.53,10.5,D
18.59947,77.77145,326.68,1.64,1.26,2024-05-08,0508,T,59,6.1NRT,306.41,13.24,D
19.52344,71.30408,311.93,1.08,1.04,2024-05-08,0508,T,52,6.1NRT,296.33,6.95,D
32.85129,74.4402,322.91,1.08,1.04,2024-05-08,0504,T,58,6.1NRT,308.58,8.25,D
32.56182,74.75381,327.09,1.05,1.02,2024-05-08,0504,T,71,6.1NRT,308.45,11.68,D
32.56038,74.76469,332.04,1.05,1.02,2024-05-08,0504,T,79,6.1NRT,308.95,18.05,D
32.55168,74.82983,324.52,1.04,1.02,2024-05-08,0504,T,63,6.1NRT,307.46,8.59,D
32.5427,74.82822,327.96,1.04,1.02,2024-05-08,0504,T,73,6.1NRT,307.47,12.07,D
32.53805,74.79406,327.08,1.05,1.02,2024-05-08,0504,T,71,6.1NRT,307.84,10.63,D
32.51351,74.97764,329.39,1.03,1.02,2024-05-08,0504,T,71,6.1NRT,309.43,12.69,D
32.55027,74.56115,330.46,1.06,1.03,2024-05-08,0504,T,76,6.1NRT,307.97,18.22,D
32.49995,74.94213,332.83,1.04,1.02,2024-05-08,0504,T,73,6.1NRT,308.46,17.11,D
32.49244,74.92974,325.58,1.04,1.02,2024-05-08,0504,T,49,6.1NRT,308.07,7.9,D
32.491,74.94051,328,1.04,1.02,2024-05-08,0504,T,74,6.1NRT,308.77,11.16,D
32.48956,74.95126,326.63,1.04,1.02,2024-05-08,0504,T,31,6.1NRT,310.28,8.45,D
32.45336,75.15269,322.7,1.03,1.01,2024-05-08,0504,T,67,6.1NRT,306.75,7.34,D
32.58442,73.7949,325.7,1.13,1.06,2024-05-08,0504,T,60,6.1NRT,311.67,9.98,D
32.37231,75.33758,337,1.02,1.01,2024-05-08,0504,T,85,6.1NRT,307.43,24.55,D
32.5025,73.32156,333.3,1.18,1.08,2024-05-08,0504,T,77,6.1NRT,311.44,21.99,D
32.12516,75.3974,324.37,1.01,1.01,2024-05-08,0504,T,57,6.1NRT,307.69,6.85,D
32.12084,75.42875,326.72,1.01,1.01,2024-05-08,0504,T,67,6.1NRT,307.81,9.56,D
32.10995,75.43089,329.44,1.01,1.01,2024-05-08,0504,T,75,6.1NRT,308.06,13.47,D
32.10533,75.33351,325.7,1.01,1.01,2024-05-08,0504,T,61,6.1NRT,308.3,7.32,D
32.07776,75.53174,327.35,1.01,1,2024-05-08,0504,T,72,6.1NRT,307.51,10.45,D
32.05115,75.46268,326.24,1.01,1,2024-05-08,0504,T,69,6.1NRT,308.95,8.12,D
32.19408,74.32629,331.69,1.07,1.03,2024-05-08,0504,T,74,6.1NRT,312.25,16.68,D
32.04193,75.33247,327.23,1.01,1.01,2024-05-08,0504,T,71,6.1NRT,309.5,8.65,D
32.15493,73.75713,334.19,1.12,1.06,2024-05-08,0504,T,58,6.1NRT,316.27,19.1,D
31.91815,75.5596,326.9,1.01,1,2024-05-08,0504,T,31,6.1NRT,306.66,7.91,D
37.93359,57.10861,315.1,1.28,1.12,2024-05-08,0642,T,64,6.1NRT,297.36,9.79,D
37.93108,57.12247,313.6,1.29,1.13,2024-05-08,0642,T,60,6.1NRT,297.36,8.4,D
36.15408,54.3279,313.75,1.06,1.03,2024-05-08,0642,T,50,6.1NRT,299.22,3.84,D
36.15229,54.33928,313.56,1.06,1.03,2024-05-08,0642,T,49,6.1NRT,298.71,3.79,D
29.60168,55.53531,320.89,1.49,1.21,2024-05-08,0644,T,38,6.1NRT,305.83,7.55,D
28.78911,55.03679,319.61,1.44,1.19,2024-05-08,0644,T,36,6.1NRT,304.72,7.95,D
10.94596,98.8168,363.88,1.5,1.21,2024-05-08,0741,A,75,6.1NRT,290.16,162.7,D
12.50141,98.88448,314.02,1.6,1.25,2024-05-08,0741,A,16,6.1NRT,291.49,7.59,D
15.9024,95.53425,321.02,1.11,1.05,2024-05-08,0744,A,56,6.1NRT,300.11,7.42,D
16.0536,94.54605,336.18,1.03,1.01,2024-05-08,0744,A,64,6.1NRT,309.97,18.7,D
16.01423,94.26486,334.8,1.02,1.01,2024-05-08,0744,A,80,6.1NRT,305.1,21.07,D
16.21492,94.65134,331.99,1.04,1.02,2024-05-08,0744,A,50,6.1NRT,307.98,9.88,D
16.3854,95.34903,327.76,1.1,1.05,2024-05-08,0744,A,60,6.1NRT,306.67,11.65,D
16.38403,95.33892,334.89,1.1,1.05,2024-05-08,0744,A,81,6.1NRT,306.92,22.32,D
16.35361,95.04859,322.68,1.07,1.03,2024-05-08,0744,A,0,6.1NRT,300.5,9.71,D
17.02904,100.29931,327.46,2.41,1.5,2024-05-08,0744,A,66,6.1NRT,299.32,34.52,D
16.39384,95.20434,326.84,1.09,1.04,2024-05-08,0744,A,46,6.1NRT,302.26,14.65,D
16.33495,94.71442,323.02,1.05,1.02,2024-05-08,0744,A,23,6.1NRT,301.19,5.98,D
17.03743,100.29309,327.55,2.41,1.5,2024-05-08,0744,A,55,6.1NRT,299.44,35.58,D
16.37659,94.88966,328.22,1.06,1.03,2024-05-08,0744,A,66,6.1NRT,307.39,10.51,D
16.47374,94.32642,338,1.02,1.01,2024-05-08,0744,A,85,6.1NRT,307.22,26.74,D
16.69278,95.30614,332.18,1.1,1.05,2024-05-08,0744,A,59,6.1NRT,307,14.66,D
16.71643,95.28563,328.68,1.1,1.05,2024-05-08,0744,A,42,6.1NRT,308.06,9.68,D
16.61716,94.55898,333,1.04,1.02,2024-05-08,0744,A,74,6.1NRT,307.18,14.95,D
16.67195,94.68786,340.22,1.05,1.02,2024-05-08,0744,A,81,6.1NRT,307.89,26.7,D
16.86401,95.85574,329.52,1.18,1.08,2024-05-08,0744,A,44,6.1NRT,307.6,16.44,D
16.7117,94.71558,333.61,1.05,1.02,2024-05-08,0744,A,31,6.1NRT,307.05,17.56,D
16.74206,94.86983,339.15,1.06,1.03,2024-05-08,0744,A,73,6.1NRT,304.67,30.26,D
16.90895,95.82719,334.71,1.17,1.08,2024-05-08,0744,A,78,6.1NRT,308.71,22.74,D
16.90751,95.81641,334.35,1.17,1.08,2024-05-08,0744,A,78,6.1NRT,307.31,21.43,D
16.76508,94.76687,335.43,1.06,1.03,2024-05-08,0744,A,73,6.1NRT,309.47,17.65,D
16.74233,94.60277,328.02,1.04,1.02,2024-05-08,0744,A,66,6.1NRT,307.77,9.89,D
16.76208,94.67838,335.03,1.05,1.02,2024-05-08,0744,A,79,6.1NRT,307.3,19.4,D
16.7527,94.611,328.04,1.04,1.02,2024-05-08,0744,A,64,6.1NRT,306.07,9.06,D
16.9999,95.96273,330.55,1.2,1.09,2024-05-08,0744,A,62,6.1NRT,307.76,15.47,D
17.01973,96.03877,330.6,1.21,1.09,2024-05-08,0744,A,59,6.1NRT,309.94,14.05,D
17.2129,97.37818,323.05,1.47,1.2,2024-05-08,0744,A,29,6.1NRT,301.57,10.38,D
17.08253,96.36548,336.52,1.26,1.12,2024-05-08,0744,A,70,6.1NRT,309.17,23.15,D
16.84795,94.62923,327.23,1.05,1.02,2024-05-08,0744,A,63,6.1NRT,305.49,10.63,D
17.09242,96.36408,336.69,1.26,1.12,2024-05-08,0744,A,74,6.1NRT,311.07,21.61,D
16.85222,94.46217,331.05,1.04,1.02,2024-05-08,0744,A,72,6.1NRT,304.64,19.07,D
16.90871,94.7428,328.94,1.06,1.03,2024-05-08,0744,A,0,6.1NRT,306.6,10.82,D
17.15747,95.83829,332.57,1.18,1.08,2024-05-08,0744,A,61,6.1NRT,310.3,15.28,D
17.11656,95.52805,334.76,1.14,1.06,2024-05-08,0744,A,74,6.1NRT,310.32,19.54,D
17.12599,95.52666,336.74,1.14,1.06,2024-05-08,0744,A,81,6.1NRT,308.87,22.28,D
17.12319,95.50568,330.19,1.14,1.06,2024-05-08,0744,A,64,6.1NRT,308.58,12.95,D
17.12002,95.41043,324.46,1.13,1.06,2024-05-08,0744,A,19,6.1NRT,304.25,7.13,D
17.23325,96.1908,330.9,1.24,1.11,2024-05-08,0744,A,72,6.1NRT,308.72,18.05,D
17.23175,96.17936,328.89,1.24,1.1,2024-05-08,0744,A,66,6.1NRT,308.07,14.49,D
17.18683,95.54996,333.33,1.14,1.07,2024-05-08,0744,A,65,6.1NRT,308.27,19.78,D
17.18762,95.44794,328.79,1.13,1.06,2024-05-08,0744,A,66,6.1NRT,307.77,10.43,D
17.18415,95.00083,332.86,1.08,1.04,2024-05-08,0744,A,69,6.1NRT,308.27,12.55,D
17.23785,95.12986,341.53,1.1,1.05,2024-05-08,0744,A,84,6.1NRT,309.76,27.85,D
17.22885,94.85561,334.71,1.07,1.03,2024-05-08,0744,A,78,6.1NRT,308.68,16.93,D
17.25003,94.67204,334.12,1.06,1.03,2024-05-08,0744,A,77,6.1NRT,302.78,25.01,D
17.29339,94.65974,334.39,1.06,1.03,2024-05-08,0744,A,77,6.1NRT,302.93,26.83,D
17.29205,94.65003,341.87,1.06,1.03,2024-05-08,0744,A,81,6.1NRT,304.18,39.45,D
17.55325,96.46037,327.76,1.29,1.13,2024-05-08,0744,A,66,6.1NRT,306.25,18.01,D
17.58281,95.83019,325.45,1.19,1.09,2024-05-08,0744,A,44,6.1NRT,306.2,8.22,D
17.44905,94.77885,326.39,1.07,1.03,2024-05-08,0744,A,48,6.1NRT,303.73,14.04,D
17.76718,94.9618,331.2,1.09,1.04,2024-05-08,0744,A,63,6.1NRT,305.19,16.33,D
17.97272,95.53191,342.21,1.16,1.07,2024-05-08,0744,A,87,6.1NRT,313.63,28.55,D
17.94858,95.35061,334.94,1.14,1.06,2024-05-08,0744,A,69,6.1NRT,311.18,11.57,D
17.98223,95.53053,340.88,1.16,1.07,2024-05-08,0744,A,87,6.1NRT,313.43,25.06,D
18.77935,98.11179,334.3,1.75,1.3,2024-05-08,0744,A,84,6.1NRT,308.29,51.81,D
18.36851,94.51252,335.03,1.06,1.03,2024-05-08,0744,A,74,6.1NRT,304.16,22.13,D
18.6849,94.39465,329.83,1.06,1.03,2024-05-08,0744,A,61,6.1NRT,306.46,16.77,D
18.69308,94.39783,326.48,1.06,1.03,2024-05-08,0744,A,50,6.1NRT,305.47,14.56,D
18.94627,94.42729,326.03,1.07,1.03,2024-05-08,0744,A,48,6.1NRT,303.2,14.48,D
19.62545,97.73498,323.02,1.68,1.28,2024-05-08,0744,A,49,6.1NRT,304.11,16.5,D
19.63669,97.73295,323.13,1.68,1.28,2024-05-08,0744,A,54,6.1NRT,303.22,17.32,D
19.8238,98.28128,321.59,1.86,1.33,2024-05-08,0744,A,36,6.1NRT,302.63,15.82,D
19.41695,94.30786,331.89,1.07,1.03,2024-05-08,0744,A,73,6.1NRT,300.09,22.59,D
19.42181,94.20643,366.93,1.06,1.03,2024-05-08,0744,A,100,6.1NRT,302.67,103.37,D
19.42047,94.1966,329.52,1.06,1.03,2024-05-08,0744,A,65,6.1NRT,302.37,18.33,D
19.43091,94.20509,335.34,1.06,1.03,2024-05-08,0744,A,79,6.1NRT,302.11,26.09,D
19.45819,94.20091,324.87,1.06,1.03,2024-05-08,0744,A,23,6.1NRT,301.2,10.19,D
19.47225,94.16826,324.95,1.06,1.03,2024-05-08,0744,A,31,6.1NRT,303.07,10.87,D
19.49221,94.17904,332.86,1.06,1.03,2024-05-08,0744,A,75,6.1NRT,307.01,23.35,D
19.51841,94.2352,333.28,1.06,1.03,2024-05-08,0744,A,76,6.1NRT,297.49,25.04,D
19.51039,94.17621,346.55,1.06,1.03,2024-05-08,0744,A,91,6.1NRT,303.3,44.65,D
19.50904,94.16631,356.52,1.06,1.03,2024-05-08,0744,A,97,6.1NRT,304.46,68.75,D
19.572,93.891,332.09,1.04,1.02,2024-05-08,0744,A,76,6.1NRT,298.1,22.33,D
19.64408,94.07881,347.25,1.05,1.02,2024-05-08,0744,A,91,6.1NRT,302.72,47.64,D
19.64273,94.06906,388.34,1.05,1.02,2024-05-08,0744,A,100,6.1NRT,306.58,191.57,D
19.66676,94.17587,352.21,1.06,1.03,2024-05-08,0744,A,95,6.1NRT,302.62,60.98,D
19.66541,94.16607,355.12,1.06,1.03,2024-05-08,0744,A,97,6.1NRT,304.12,68.63,D
19.68932,94.20659,350.72,1.06,1.03,2024-05-08,0744,A,94,6.1NRT,302.91,57.24,D
19.73486,94.47545,368.44,1.09,1.04,2024-05-08,0744,A,100,6.1NRT,303.11,114.34,D
19.69978,94.21512,353.31,1.06,1.03,2024-05-08,0744,A,95,6.1NRT,302.38,63.49,D
19.69844,94.20525,352.18,1.06,1.03,2024-05-08,0744,A,95,6.1NRT,306.06,60.29,D
19.70872,93.94253,327.8,1.04,1.02,2024-05-08,0744,A,66,6.1NRT,298.71,18.98,D
19.76227,94.13924,338.95,1.06,1.03,2024-05-08,0744,A,83,6.1NRT,296.96,31.22,D
19.76094,94.1294,341.04,1.06,1.03,2024-05-08,0744,A,84,6.1NRT,303.2,33.12,D
19.77136,94.13776,376.9,1.06,1.03,2024-05-08,0744,A,100,6.1NRT,297.97,139.63,D
19.77002,94.12793,475.49,1.06,1.03,2024-05-08,0744,A,100,6.1NRT,316.17,1182.52,D
19.74528,93.81216,327.45,1.04,1.02,2024-05-08,0744,A,54,6.1NRT,298.42,15.82,D
19.78977,93.93421,325.63,1.04,1.02,2024-05-08,0744,A,58,6.1NRT,299.1,13.9,D
19.85787,93.95678,325.98,1.05,1.02,2024-05-08,0744,A,55,6.1NRT,300.9,12.43,D
19.87906,94.04393,380.97,1.05,1.03,2024-05-08,0744,A,100,6.1NRT,304.35,154.72,D
19.8777,94.034,336.09,1.05,1.02,2024-05-08,0744,A,80,6.1NRT,303.19,24.86,D
19.96777,94.02445,360.99,1.05,1.03,2024-05-08,0744,A,100,6.1NRT,301.89,83.72,D
19.9664,94.01449,329.83,1.05,1.02,2024-05-08,0744,A,71,6.1NRT,300.63,18.49,D
19.9809,94.05266,335.65,1.06,1.03,2024-05-08,0744,A,80,6.1NRT,298.45,28.39,D
19.97955,94.04282,389.16,1.06,1.03,2024-05-08,0744,A,100,6.1NRT,303.7,199.11,D
19.97685,94.02309,334.26,1.05,1.03,2024-05-08,0744,A,79,6.1NRT,301.32,25.26,D
19.98591,94.02165,351.74,1.05,1.03,2024-05-08,0744,A,95,6.1NRT,302.07,59.44,D
19.98182,93.99191,358.66,1.05,1.02,2024-05-08,0744,A,99,6.1NRT,301.59,77.84,D
19.98046,93.98206,340.92,1.05,1.02,2024-05-08,0744,A,86,6.1NRT,301.05,37.61,D
20.0081,94.04818,354.01,1.06,1.03,2024-05-08,0744,A,96,6.1NRT,297.44,65.93,D
20.50085,97.40684,327.74,1.65,1.26,2024-05-08,0744,A,58,6.1NRT,302.65,26.86,D
20.58311,96.967,328.62,1.54,1.22,2024-05-08,0744,A,33,6.1NRT,306.67,22.08,D
22.70262,85.23467,322.91,2.14,1.42,2024-05-08,0746,A,60,6.1NRT,301.63,24.61,D
22.71889,85.2522,320.88,2.13,1.42,2024-05-08,0746,A,43,6.1NRT,300.21,18.76,D
22.7149,85.23114,344.1,2.14,1.42,2024-05-08,0746,A,91,6.1NRT,300.8,115.04,D
24.96462,97.11463,307.71,1.81,1.32,2024-05-08,0746,A,40,6.1NRT,277.07,10.11,D
24.97279,97.10676,306.16,1.81,1.32,2024-05-08,0746,A,32,6.1NRT,274.81,8.61,D
25.03985,97.52385,314.96,1.95,1.36,2024-05-08,0746,A,59,6.1NRT,291.16,17.88,D
25.11971,97.08209,308.99,1.81,1.32,2024-05-08,0746,A,43,6.1NRT,277.2,12.94,D
23.77684,86.39258,323.55,1.68,1.27,2024-05-08,0746,A,43,6.1NRT,302.2,17.81,D
25.40683,96.37211,325.23,1.63,1.26,2024-05-08,0746,A,80,6.1NRT,289.22,34.75,D
25.40503,96.35599,315.98,1.63,1.26,2024-05-08,0746,A,45,6.1NRT,288.99,16.55,D
25.66042,97.88953,315.17,2.11,1.41,2024-05-08,0746,A,69,6.1NRT,292.86,22.15,D
25.70229,97.92582,313.6,2.12,1.42,2024-05-08,0746,A,66,6.1NRT,291.97,20.15,D
25.70258,97.92094,314,2.12,1.42,2024-05-08,0746,A,67,6.1NRT,292.06,20.63,D
25.82414,97.47033,347.38,1.98,1.37,2024-05-08,0746,A,94,6.1NRT,301.14,129.57,D
25.82729,97.4648,345.98,1.98,1.37,2024-05-08,0746,A,94,6.1NRT,301.14,123.73,D
25.25503,85.6614,325.41,1.76,1.3,2024-05-08,0746,A,70,6.1NRT,301.7,18.57,D
25.3037,84.33848,324.26,2.18,1.43,2024-05-08,0746,A,65,6.1NRT,299.97,25.25,D
25.31618,84.33543,323.99,2.18,1.43,2024-05-08,0746,A,59,6.1NRT,300.08,22.8,D
27.79368,94.49934,308.69,1.34,1.15,2024-05-08,0746,A,61,6.1NRT,286.44,6.69,D
26.89706,82.73497,320.27,2.61,1.55,2024-05-08,0746,A,65,6.1NRT,297.12,22.43,D
28.93197,94.83539,311.59,1.45,1.19,2024-05-08,0746,A,39,6.1NRT,294.95,8.79,D
28.92706,94.8292,312.28,1.45,1.19,2024-05-08,0746,A,42,6.1NRT,294.49,8.69,D
17.46365,73.39237,330.6,1.66,1.27,2024-05-08,0922,A,45,6.1NRT,307.61,23.54,D
17.62147,73.4589,335.43,1.68,1.28,2024-05-08,0924,A,66,6.1NRT,306.5,39.48,D
17.61958,73.45369,330.04,1.68,1.28,2024-05-08,0924,A,19,6.1NRT,304.88,23.21,D
18.28808,73.49323,333.09,1.74,1.29,2024-05-08,0924,A,63,6.1NRT,307.46,36.76,D
21.10209,72.64108,334.76,1.65,1.26,2024-05-08,0924,A,0,6.1NRT,308.76,38.21,D
20.99091,71.03086,345.3,1.29,1.13,2024-05-08,0924,A,88,6.1NRT,307.98,42.36,D
25.45643,75.82978,337.08,3.26,1.71,2024-05-08,0924,A,53,6.1NRT,315.39,92.71,D
27.28288,67.93349,343.75,1.08,1.04,2024-05-08,0924,A,85,6.1NRT,323.44,19.52,D
27.28145,67.92284,343.21,1.07,1.03,2024-05-08,0924,A,84,6.1NRT,322.06,18.62,D
27.20505,67.15271,338.13,1.02,1.01,2024-05-08,0924,A,77,6.1NRT,310.44,25.58,D
27.45776,67.93554,347.25,1.08,1.04,2024-05-08,0924,A,89,6.1NRT,322.18,27,D
27.45634,67.92484,346.99,1.08,1.04,2024-05-08,0924,A,89,6.1NRT,322.28,25.95,D
27.86376,68.02411,337.21,1.1,1.04,2024-05-08,0926,A,75,6.1NRT,322.37,9.84,D
29.94791,75.08013,330.25,3.26,1.71,2024-05-08,0926,A,61,6.1NRT,310.91,50.73,D
29.97457,70.10443,336.48,1.49,1.2,2024-05-08,0926,A,69,6.1NRT,317.34,27.51,D
30.44937,74.20057,333.75,2.87,1.62,2024-05-08,0926,A,74,6.1NRT,317.91,53.7,D
30.43338,73.99791,343.06,2.78,1.59,2024-05-08,0926,A,87,6.1NRT,315.97,116.74,D
30.63647,74.86446,330.5,3.21,1.7,2024-05-08,0926,A,68,6.1NRT,310.83,57.9,D
30.63368,74.85989,328.96,3.21,1.7,2024-05-08,0926,A,64,6.1NRT,310.57,47.75,D
30.63595,74.47343,332.09,3.02,1.65,2024-05-08,0926,A,71,6.1NRT,316.19,48.02,D
30.29234,70.62517,341.76,1.62,1.25,2024-05-08,0926,A,84,6.1NRT,321.83,33.94,D
30.7118,74.31177,330.55,2.94,1.63,2024-05-08,0926,A,53,6.1NRT,315.01,33.36,D
30.81175,74.41713,333.33,3,1.65,2024-05-08,0926,A,67,6.1NRT,315.1,59.86,D
30.81157,74.41237,333.89,3,1.65,2024-05-08,0926,A,74,6.1NRT,315.16,66.2,D
30.51423,70.78723,335.25,1.67,1.27,2024-05-08,0926,A,73,6.1NRT,319.66,26.87,D
30.67122,71.86323,331.45,1.98,1.37,2024-05-08,0926,A,64,6.1NRT,316.37,26.04,D
31.26807,74.69567,330.7,3.18,1.69,2024-05-08,0926,A,69,6.1NRT,312.3,57.92,D
31.26785,74.68812,330.25,3.18,1.69,2024-05-08,0926,A,68,6.1NRT,312.42,53.75,D
31.24821,73.65568,341.53,2.69,1.57,2024-05-08,0926,A,62,6.1NRT,316.81,125.19,D
31.73681,75.62546,325.58,3.73,1.81,2024-05-08,0926,A,41,6.1NRT,302.34,62.82,D
31.73433,75.58685,325.61,3.71,1.8,2024-05-08,0926,A,42,6.1NRT,304.01,60.46,D
31.74386,73.68673,334.48,2.74,1.58,2024-05-08,0926,A,75,6.1NRT,313.51,63.2,D
31.74924,73.67815,331.2,2.74,1.58,2024-05-08,0926,A,69,6.1NRT,313.17,47.49,D
31.99897,75.06119,333,3.43,1.74,2024-05-08,0926,A,74,6.1NRT,312.49,82.83,D
32.01122,75.05199,337.75,3.43,1.74,2024-05-08,0926,A,81,6.1NRT,312.65,126.1,D
32.0766,73.51242,337.63,2.69,1.57,2024-05-08,0926,A,80,6.1NRT,316.35,71.15,D
32.08481,73.53224,332.47,2.7,1.57,2024-05-08,0926,A,70,6.1NRT,316.32,39.76,D
32.11945,73.61449,333.52,2.74,1.58,2024-05-08,0926,A,73,6.1NRT,316.39,50.07,D
32.11803,73.41604,331.15,2.65,1.56,2024-05-08,0926,A,66,6.1NRT,315.26,35.44,D
32.43499,75.32197,326.28,3.62,1.78,2024-05-08,0926,A,53,6.1NRT,306.56,66.49,D
32.18433,71.35166,339.55,1.92,1.35,2024-05-08,0926,A,81,6.1NRT,317.57,45.69,D
32.51183,74.90511,327.78,3.39,1.74,2024-05-08,0926,A,56,6.1NRT,308.73,57.21,D
32.50903,74.89752,327.9,3.39,1.74,2024-05-08,0926,A,45,6.1NRT,309.42,57.04,D
35.11838,60.76876,330.6,1.2,1.09,2024-05-08,0928,A,54,6.1NRT,311.84,12.64,D
35.68795,61.09806,325.58,1.14,1.06,2024-05-08,0928,A,35,6.1NRT,309.52,5.4,D
35.69271,61.09004,325.84,1.14,1.06,2024-05-08,0928,A,27,6.1NRT,309.91,6.07,D
35.66033,60.09128,328.11,1.26,1.12,2024-05-08,0928,A,49,6.1NRT,307.64,16.45,D
36.25765,59.66594,324.92,1.29,1.13,2024-05-08,0928,A,23,6.1NRT,306.87,9.94,D
37.03253,62.41463,335.87,1.02,1.01,2024-05-08,0928,A,74,6.1NRT,315.91,11.22,D
38.00029,58.5378,330.75,1.37,1.16,2024-05-08,0928,A,79,6.1NRT,304.59,20.56,D
20.95331,100.6118,300.57,2.75,1.59,2024-05-08,1422,T,19,6.1NRT,287.75,15,N
22.57108,99.54778,307.94,3.05,1.66,2024-05-08,1425,T,73,6.1NRT,277.76,51.06,N
16.36811,82.32066,315.1,1.19,1.09,2024-05-08,1601,T,87,6.1NRT,295.76,11.66,N
16.37113,82.31437,308.95,1.19,1.09,2024-05-08,1601,T,64,6.1NRT,295.65,6.19,N
17.63536,83.21609,309.58,1.06,1.03,2024-05-08,1601,T,71,6.1NRT,295.99,6.29,N
17.64441,83.21461,310.46,1.06,1.03,2024-05-08,1601,T,74,6.1NRT,296.05,6.89,N
17.32316,81.12914,307.42,1.35,1.15,2024-05-08,1601,T,61,6.1NRT,295.84,7.89,N
19.09506,82.16811,307.37,1.13,1.06,2024-05-08,1601,T,65,6.1NRT,296.38,6.71,N
21.76257,84.02505,308.37,1,1,2024-05-08,1603,T,68,6.1NRT,297.17,4.36,N
21.91771,83.35231,313.06,1,1,2024-05-08,1603,T,84,6.1NRT,298.58,8.07,N
22.03786,83.74283,312.64,1,1,2024-05-08,1603,T,82,6.1NRT,299.1,7.79,N
22.03654,83.73336,326.69,1,1,2024-05-08,1603,T,100,6.1NRT,299.27,21.2,N
22.04535,83.73191,327.57,1,1,2024-05-08,1603,T,100,6.1NRT,298.95,22.36,N
23.26281,83.08311,311.42,1,1,2024-05-08,1603,T,82,6.1NRT,290.9,10.23,N
23.73526,85.00825,309.06,1.07,1.03,2024-05-08,1603,T,76,6.1NRT,295.53,6.37,N
24.97495,79.38441,311.82,1.31,1.14,2024-05-08,1603,T,75,6.1NRT,297.74,10.22,N
25.85486,82.1851,307.81,1.01,1,2024-05-08,1603,T,69,6.1NRT,296.78,5.49,N
25.68768,79.91576,322.42,1.2,1.09,2024-05-08,1603,T,100,6.1NRT,297.81,21.41,N
25.68583,79.90414,344.29,1.2,1.09,2024-05-08,1603,T,100,6.1NRT,298.68,61.94,N
28.06334,80.32133,309,1.08,1.04,2024-05-08,1605,T,76,6.1NRT,295.22,8.04,N
28.26325,80.18545,305.4,1.09,1.04,2024-05-08,1605,T,64,6.1NRT,287.95,7.33,N
28.26157,80.17464,304.51,1.09,1.04,2024-05-08,1605,T,60,6.1NRT,288.65,6.67,N
30.79969,74.59638,316.65,2.07,1.4,2024-05-08,1605,T,93,6.1NRT,297.33,37.19,N
30.80634,74.61096,309.85,2.06,1.4,2024-05-08,1605,T,76,6.1NRT,296.68,22.98,N
30.80223,74.59029,310.93,2.07,1.4,2024-05-08,1605,T,79,6.1NRT,296.68,25.07,N
31.66095,75.588,306.09,1.7,1.28,2024-05-08,1605,T,67,6.1NRT,295.53,11.75,N
31.71185,75.61078,305.34,1.69,1.28,2024-05-08,1605,T,64,6.1NRT,295.24,10.61,N
18.31646,55.09986,312.43,1.61,1.25,2024-05-08,1739,T,75,6.1NRT,299.97,12.2,N
18.32008,55.10804,311.76,1.6,1.25,2024-05-08,1739,T,71,6.1NRT,299.98,11.14,N
21.40283,56.43044,310.26,1.19,1.08,2024-05-08,1739,T,64,6.1NRT,298.96,6.08,N
21.40595,56.42409,312.26,1.19,1.08,2024-05-08,1739,T,75,6.1NRT,298.89,8.58,N
22.87579,55.92657,310.41,1.21,1.09,2024-05-08,1739,T,67,6.1NRT,300.35,5.7,N
23.19305,55.46733,310.48,1.26,1.12,2024-05-08,1739,T,69,6.1NRT,300.06,7.86,N
23.19114,55.4553,311.17,1.27,1.12,2024-05-08,1739,T,73,6.1NRT,300.13,8.82,N
23.19367,55.46091,312.31,1.26,1.12,2024-05-08,1739,T,78,6.1NRT,300.26,9.98,N
29.99239,55.8526,301.91,1.03,1.02,2024-05-08,1741,T,45,6.1NRT,284.6,7.43,N
30.08111,55.39777,303.18,1.06,1.03,2024-05-08,1741,T,54,6.1NRT,287.6,8.11,N
39.03848,54.25125,305.22,1,1,2024-05-08,1743,T,63,6.1NRT,287.79,8.19,N
17.45586,97.04494,347.15,1.05,1.02,2024-05-08,1955,A,100,6.1NRT,296.96,58.13,N
16.13588,97.84794,311.93,1.16,1.07,2024-05-08,1955,A,84,6.1NRT,288.57,14.01,N
14.50239,98.04657,302.98,1.25,1.11,2024-05-08,1957,A,52,6.1NRT,289.94,5.49,N
31.21378,77.19165,302.89,1.17,1.07,2024-05-08,2129,A,52,6.1NRT,290.07,6.49,N
31.39391,74.87051,308.12,1,1,2024-05-08,2129,A,73,6.1NRT,296.62,6.87,N
31.20652,74.58714,307.62,1,1,2024-05-08,2129,A,71,6.1NRT,296.07,6.92,N
30.80488,74.60236,308.98,1,1,2024-05-08,2129,A,76,6.1NRT,297.12,7.53,N
29.60357,75.93289,306.91,1.08,1.04,2024-05-08,2129,A,70,6.1NRT,296.8,6.19,N
21.1001,72.64883,310.87,1.02,1.01,2024-05-08,2131,A,78,6.1NRT,299.2,6.7,N
20.79377,85.26096,324.59,1.18,1.08,2024-05-09,0410,T,65,6.1NRT,303.34,9.21,D
19.90706,85.56808,322.06,1.12,1.05,2024-05-09,0410,T,36,6.1NRT,302.25,8.61,D
19.87976,85.57927,321.54,1.11,1.05,2024-05-09,0410,T,9,6.1NRT,302.67,8.87,D
19.69421,85.30466,317.1,1.14,1.06,2024-05-09,0410,T,44,6.1NRT,303.05,11.63,D
19.69281,85.31528,317.21,1.14,1.06,2024-05-09,0410,T,49,6.1NRT,302.72,11.73,D
19.53414,80.13451,316.23,2.56,1.54,2024-05-09,0410,T,30,6.1NRT,295.36,19.42,D
16.09731,94.32934,317.16,2.62,1.55,2024-05-09,0410,T,35,6.1NRT,297.56,27.88,D
34.13559,95.8063,311.54,1.42,1.18,2024-05-09,0406,T,20,6.1NRT,284.97,11.58,D
28.79507,79.72775,316.7,3.6,1.78,2024-05-09,0406,T,67,6.1NRT,293.44,34.48,D
28.56365,81.02381,320.71,2.88,1.62,2024-05-09,0406,T,60,6.1NRT,295.89,33.86,D
28.53647,80.81406,317.19,2.99,1.64,2024-05-09,0406,T,41,6.1NRT,294.77,28.08,D
28.3941,81.11568,318.17,2.83,1.61,2024-05-09,0406,T,35,6.1NRT,295.63,28.56,D
26.53578,88.98015,320.5,1,1,2024-05-09,0408,T,31,6.1NRT,300.57,7.82,D
27.32749,80.30422,316.73,3.14,1.68,2024-05-09,0408,T,54,6.1NRT,295.43,27.24,D
25.08157,84.09885,329.1,1.57,1.23,2024-05-09,0408,T,73,6.1NRT,302.34,22.65,D
24.96677,83.69753,327.4,1.66,1.27,2024-05-09,0408,T,55,6.1NRT,301.33,17,D
23.68107,86.3968,321.01,1.12,1.05,2024-05-09,0408,T,0,6.1NRT,299.6,10.07,D
20.7231,93.22136,328.28,1.75,1.3,2024-05-09,0408,T,57,6.1NRT,289.1,44.7,D
22.03854,83.73494,338.48,1.51,1.21,2024-05-09,0408,T,86,6.1NRT,304.77,43.54,D
22.04561,83.729,328.29,1.51,1.21,2024-05-09,0408,T,73,6.1NRT,304.77,17.62,D
22.04389,83.74322,328.28,1.5,1.21,2024-05-09,0408,T,72,6.1NRT,304.29,17.42,D
21.78178,84.12905,324.66,1.41,1.17,2024-05-09,0408,T,57,6.1NRT,303.34,10.25,D
20.94797,86.04747,324.27,1.09,1.04,2024-05-09,0408,T,68,6.1NRT,296.87,15.59,D
32.1492,75.37877,327.84,2.96,1.64,2024-05-09,0544,T,77,6.1NRT,298.99,65.8,D
32.52368,73.49157,319.61,2.16,1.43,2024-05-09,0544,T,57,6.1NRT,301.31,19.93,D
32.04577,75.63821,319.92,3.09,1.67,2024-05-09,0544,T,60,6.1NRT,298.31,30.7,D
32.04543,75.63098,319.94,3.09,1.67,2024-05-09,0544,T,53,6.1NRT,298.31,30.02,D
32.8353,71.49599,342.04,1.58,1.24,2024-05-09,0544,T,89,6.1NRT,309.47,63.05,D
31.90715,75.41969,320.11,3.02,1.65,2024-05-09,0544,T,64,6.1NRT,299.12,26.93,D
31.90035,75.44996,323.71,3.03,1.66,2024-05-09,0544,T,71,6.1NRT,299.31,45.93,D
31.89935,75.44274,325.62,3.03,1.66,2024-05-09,0544,T,74,6.1NRT,299.34,56.46,D
32.21278,73.76559,327.75,2.29,1.47,2024-05-09,0544,T,75,6.1NRT,301.83,44.8,D
32.62122,71.46169,340.62,1.59,1.24,2024-05-09,0544,T,87,6.1NRT,310.29,58.95,D
32.61947,71.45556,334.56,1.59,1.24,2024-05-09,0544,T,82,6.1NRT,310.07,40.28,D
32.61647,71.47184,325.89,1.59,1.24,2024-05-09,0544,T,69,6.1NRT,309.89,16.67,D
32.56561,71.44144,324.74,1.59,1.24,2024-05-09,0544,T,57,6.1NRT,309.3,19.07,D
31.71461,75.57834,331.6,3.13,1.68,2024-05-09,0544,T,76,6.1NRT,299.25,96.34,D
31.64971,75.51822,328.89,3.11,1.67,2024-05-09,0544,T,73,6.1NRT,299.49,76.85,D
31.59926,75.46976,323.28,3.09,1.67,2024-05-09,0544,T,47,6.1NRT,299.49,40,D
32.03231,73.41403,325.11,2.19,1.44,2024-05-09,0544,T,69,6.1NRT,304.46,22.39,D
31.59861,75.46412,322.63,3.09,1.67,2024-05-09,0544,T,60,6.1NRT,299.39,36.32,D
31.53438,75.47746,321.86,3.11,1.67,2024-05-09,0544,T,41,6.1NRT,300.15,33.6,D
31.52743,75.50846,323.24,3.13,1.68,2024-05-09,0544,T,51,6.1NRT,299.61,43.67,D
31.52744,75.50195,325.94,3.13,1.68,2024-05-09,0544,T,49,6.1NRT,299.79,57.4,D
31.89755,73.67533,325.39,2.3,1.47,2024-05-09,0544,T,68,6.1NRT,303.86,28.92,D
32.18041,71.38505,329.1,1.6,1.25,2024-05-09,0544,T,64,6.1NRT,313.14,16.56,D
32.16497,71.34689,328.19,1.6,1.24,2024-05-09,0544,T,42,6.1NRT,312.22,11.58,D
31.31056,74.728,324.52,2.8,1.6,2024-05-09,0544,T,65,6.1NRT,303.69,33.15,D
31.31054,74.63272,324.24,2.76,1.59,2024-05-09,0544,T,63,6.1NRT,303.89,29.58,D
31.61619,72.24432,326.46,1.87,1.34,2024-05-09,0544,T,62,6.1NRT,309.82,16.23,D
31.57604,72.34758,331.28,1.91,1.35,2024-05-09,0544,T,74,6.1NRT,310.13,32.79,D
31.01564,73.22181,322.43,2.25,1.45,2024-05-09,0544,T,28,6.1NRT,305.55,20.24,D
31.45752,70.61529,324.28,1.49,1.2,2024-05-09,0544,T,50,6.1NRT,311.05,11.17,D
30.51136,75.16251,324.6,3.14,1.68,2024-05-09,0544,T,61,6.1NRT,303.89,43.99,D
30.50452,75.19357,322.94,3.16,1.68,2024-05-09,0544,T,53,6.1NRT,303.95,34.18,D
30.53061,75.00533,323.2,3.06,1.66,2024-05-09,0544,T,53,6.1NRT,303.89,32.85,D
31.45435,70.21434,325.28,1.41,1.17,2024-05-09,0544,T,55,6.1NRT,311.99,13.61,D
31.37299,70.65764,333.17,1.5,1.21,2024-05-09,0544,T,77,6.1NRT,311.88,29.65,D
31.34535,70.66031,332.61,1.5,1.21,2024-05-09,0544,T,76,6.1NRT,311.33,28.61,D
30.50836,74.67858,323.27,2.91,1.63,2024-05-09,0544,T,50,6.1NRT,304.34,29.14,D
30.42207,74.14255,326.82,2.69,1.57,2024-05-09,0544,T,65,6.1NRT,307.56,31.34,D
29.83761,76.66935,320.55,4.14,1.88,2024-05-09,0544,T,40,6.1NRT,297.24,51.21,D
31.05828,70.76434,329.67,1.55,1.23,2024-05-09,0544,T,69,6.1NRT,314.52,19.29,D
31.0398,70.74345,328.72,1.54,1.22,2024-05-09,0544,T,68,6.1NRT,313.49,17.09,D
29.94875,76.00467,323.55,3.71,1.8,2024-05-09,0544,T,58,6.1NRT,301.73,53.15,D
30.25072,74.43587,327.94,2.84,1.61,2024-05-09,0544,T,68,6.1NRT,306.18,45.63,D
30.24738,74.42822,328.91,2.84,1.61,2024-05-09,0544,T,70,6.1NRT,306.57,51.49,D
30.25806,73.59155,327.15,2.49,1.52,2024-05-09,0544,T,63,6.1NRT,308.63,31.63,D
30.2529,73.61619,328.75,2.5,1.52,2024-05-09,0544,T,68,6.1NRT,308.07,40.17,D
30.24461,73.60736,327.84,2.5,1.52,2024-05-09,0544,T,62,6.1NRT,308.62,35.48,D
29.73114,75.58204,324.9,3.51,1.76,2024-05-09,0544,T,59,6.1NRT,304.75,44.61,D
30.47038,72.02247,327.72,1.92,1.35,2024-05-09,0544,T,65,6.1NRT,310.95,24.79,D
30.4648,72.01543,328.38,1.92,1.35,2024-05-09,0544,T,67,6.1NRT,310.97,25.29,D
29.57298,74.47206,330.23,2.97,1.64,2024-05-09,0544,T,70,6.1NRT,308.63,50.09,D
29.5537,74.55986,328.06,3.02,1.65,2024-05-09,0544,T,65,6.1NRT,307.81,39.91,D
29.57073,74.46616,328.37,2.97,1.64,2024-05-09,0544,T,65,6.1NRT,308.82,38.9,D
29.55201,74.55412,326.93,3.02,1.65,2024-05-09,0544,T,59,6.1NRT,308.05,34.12,D
29.80564,70.81067,335.78,1.65,1.26,2024-05-09,0544,T,70,6.1NRT,316.59,34.71,D
29.55366,70.66315,331.64,1.63,1.26,2024-05-09,0544,T,45,6.1NRT,313.55,23.22,D
27.63087,69.40646,339.36,1.48,1.2,2024-05-09,0546,T,79,6.1NRT,317.44,31.01,D
24.13451,69.41395,339.07,1.73,1.29,2024-05-09,0546,T,84,6.1NRT,307.39,55.35,D
19.52794,71.30253,315.11,2.97,1.64,2024-05-09,0548,T,63,6.1NRT,296.85,47.91,D
19.52602,71.2957,315.76,2.97,1.64,2024-05-09,0548,T,64,6.1NRT,296.93,50.88,D
35.89273,99.99138,319.24,1.16,1.07,2024-05-09,0652,A,53,6.1NRT,304.25,6.27,D
37.08982,70.54313,316.53,1.18,1.08,2024-05-09,0544,T,33,6.1NRT,300.66,7.24,D
35.13293,69.30632,323.04,1.12,1.05,2024-05-09,0544,T,76,6.1NRT,300.63,16.66,D
34.5116,69.22936,320.42,1.13,1.06,2024-05-09,0544,T,15,6.1NRT,298.72,4.63,D
11.95803,99.27079,310.28,3.85,1.83,2024-05-09,0644,A,16,6.1NRT,289.57,38.49,D
12.16397,98.88687,312.55,4.08,1.87,2024-05-09,0644,A,36,6.1NRT,288.14,42.49,D
12.51409,98.97939,328.77,3.95,1.85,2024-05-09,0644,A,82,6.1NRT,290.75,154.85,D
12.50475,98.97346,332.28,3.95,1.85,2024-05-09,0644,A,85,6.1NRT,290.63,187.88,D
12.63112,99.02261,331.5,3.9,1.84,2024-05-09,0646,A,79,6.1NRT,289.49,191.77,D
12.62187,99.02042,334.39,3.9,1.84,2024-05-09,0646,A,81,6.1NRT,288.59,218.41,D
12.66097,98.87054,321.57,4,1.86,2024-05-09,0646,A,70,6.1NRT,290.09,102.04,D
12.72812,98.96217,319.24,3.92,1.84,2024-05-09,0646,A,69,6.1NRT,288.84,81.62,D
12.67398,98.89569,316.14,3.97,1.85,2024-05-09,0646,A,65,6.1NRT,290.28,61.33,D
12.66741,98.86137,319.65,4,1.86,2024-05-09,0646,A,67,6.1NRT,290.25,85.89,D
12.73525,98.95312,316.59,3.92,1.84,2024-05-09,0646,A,65,6.1NRT,289.06,67.21,D
15.84086,97.95544,317.19,4.03,1.86,2024-05-09,0646,A,42,6.1NRT,295.42,51.95,D
18.77509,101.85641,321.24,1.78,1.31,2024-05-09,0646,A,0,6.1NRT,292.08,25.8,D
18.77513,101.86642,318.61,1.77,1.3,2024-05-09,0646,A,53,6.1NRT,293.04,22.7,D
19.28805,100.98698,311.8,2.01,1.38,2024-05-09,0646,A,0,6.1NRT,290.97,15.81,D
19.62963,101.98077,323.42,1.68,1.27,2024-05-09,0646,A,33,6.1NRT,298.94,23.19,D
19.62704,101.96564,351.74,1.68,1.27,2024-05-09,0646,A,96,6.1NRT,300.77,119.52,D
19.62851,101.97605,336.99,1.68,1.27,2024-05-09,0646,A,89,6.1NRT,299.14,62.43,D
19.6258,101.96088,346.12,1.68,1.27,2024-05-09,0646,A,94,6.1NRT,300.88,95.93,D
19.361,99.51888,324.99,2.58,1.54,2024-05-09,0646,A,72,6.1NRT,300.29,47.2,D
19.35404,99.51567,323.96,2.58,1.54,2024-05-09,0646,A,67,6.1NRT,300.08,43.85,D
19.39903,99.45675,320.19,2.61,1.55,2024-05-09,0646,A,51,6.1NRT,298.37,34.18,D
20.55611,100.62133,324.01,2.02,1.38,2024-05-09,0646,A,76,6.1NRT,299.56,38.89,D
20.55257,100.60197,326.96,2.02,1.39,2024-05-09,0646,A,80,6.1NRT,300.76,46.7,D
20.66373,100.49226,332.18,2.05,1.39,2024-05-09,0646,A,85,6.1NRT,295.48,72.92,D
20.91838,101.99276,315.77,1.58,1.24,2024-05-09,0646,A,50,6.1NRT,292.7,16.67,D
20.65375,100.48866,322.55,2.05,1.39,2024-05-09,0646,A,76,6.1NRT,296.43,39.94,D
20.97965,101.82689,320.9,1.62,1.25,2024-05-09,0646,A,53,6.1NRT,298.53,22.61,D
20.98067,101.82033,323.54,1.62,1.25,2024-05-09,0646,A,59,6.1NRT,298.84,26.31,D
20.97816,100.90456,322.66,1.89,1.34,2024-05-09,0648,A,76,6.1NRT,294.36,35.44,D
20.97488,100.88638,318.08,1.89,1.34,2024-05-09,0648,A,59,6.1NRT,296.25,24.63,D
20.93973,100.55533,315.93,2,1.38,2024-05-09,0648,A,64,6.1NRT,297.61,22.17,D
21.00845,100.76134,331.65,1.93,1.36,2024-05-09,0648,A,85,6.1NRT,296.73,61.16,D
21.95052,100.07204,318.46,2.07,1.4,2024-05-09,0648,A,73,6.1NRT,298.79,27.31,D
21.95725,100.08533,317.49,2.07,1.4,2024-05-09,0648,A,66,6.1NRT,297.95,23.13,D
22.98604,101.04895,334.35,1.68,1.27,2024-05-09,0648,A,88,6.1NRT,291.28,62.75,D
24.48743,97.20411,304.37,2.94,1.63,2024-05-09,0648,A,0,6.1NRT,280.73,20.61,D
25.39595,95.22977,342.25,3.87,1.83,2024-05-09,0648,A,91,6.1NRT,291.55,303.52,D
25.38787,95.19344,310.15,3.9,1.84,2024-05-09,0648,A,30,6.1NRT,291.62,33.58,D
25.41168,95.25707,310.79,3.85,1.83,2024-05-09,0648,A,36,6.1NRT,291.07,36.97,D
25.40331,95.22041,332.81,3.87,1.83,2024-05-09,0648,A,85,6.1NRT,291.84,196.02,D
16.37182,77.41039,334.21,1.9,1.35,2024-05-09,0824,A,79,6.1NRT,306.28,33.96,D
17.6452,83.21293,325.68,1,1,2024-05-09,0824,A,70,6.1NRT,300.81,10.88,D
17.42915,81.68613,315.85,1.04,1.02,2024-05-09,0824,A,23,6.1NRT,293.11,13.11,D
17.64845,81.79355,330.19,1.03,1.01,2024-05-09,0824,A,81,6.1NRT,298.21,22.17,D
17.64703,81.78411,341.34,1.03,1.01,2024-05-09,0824,A,90,6.1NRT,299.59,40.01,D
17.65597,81.78257,318.31,1.03,1.01,2024-05-09,0824,A,56,6.1NRT,299.2,9.99,D
18.23989,83.186,332.18,1.01,1,2024-05-09,0824,A,80,6.1NRT,301.1,22.26,D
17.94339,78.29001,331.15,1.53,1.22,2024-05-09,0824,A,53,6.1NRT,307.35,20.51,D
17.94899,78.29653,326.54,1.53,1.22,2024-05-09,0824,A,31,6.1NRT,305.16,9.54,D
18.53862,81.1519,327.61,1.06,1.03,2024-05-09,0826,A,74,6.1NRT,303.54,13.61,D
18.06663,78.12215,332.66,1.57,1.23,2024-05-09,0826,A,62,6.1NRT,308.73,21.4,D
18.36253,78.71557,333.89,1.41,1.18,2024-05-09,0826,A,70,6.1NRT,307.4,30.32,D
19.63915,83.96587,327.1,1.06,1.03,2024-05-09,0826,A,76,6.1NRT,293.62,20.15,D
18.92113,78.50002,330.8,1.42,1.18,2024-05-09,0826,A,66,6.1NRT,308.59,14.43,D
19.80269,83.62148,363.2,1.04,1.02,2024-05-09,0826,A,75,6.1NRT,284.75,90.99,D
19.87014,83.91224,376.75,1.06,1.03,2024-05-09,0826,A,100,6.1NRT,306.52,140.47,D
19.86879,83.90234,356.83,1.06,1.03,2024-05-09,0826,A,98,6.1NRT,306.17,71.3,D
19.87923,83.91076,358.66,1.06,1.03,2024-05-09,0826,A,99,6.1NRT,304.35,76.61,D
19.87786,83.90073,350.3,1.06,1.03,2024-05-09,0826,A,95,6.1NRT,305.74,54.61,D
20.96404,85.16486,331.65,1.24,1.11,2024-05-09,0826,A,66,6.1NRT,307.02,16.14,D
21.74664,84.26393,328.99,1.14,1.06,2024-05-09,0826,A,51,6.1NRT,308.3,9.01,D
21.74524,84.25314,330.9,1.14,1.06,2024-05-09,0826,A,68,6.1NRT,309.22,11.38,D
21.92009,83.34886,330.8,1.06,1.03,2024-05-09,0826,A,46,6.1NRT,307.21,15.2,D
22.0453,83.73948,334.89,1.09,1.04,2024-05-09,0826,A,80,6.1NRT,306.31,17.85,D
22.04392,83.7291,349.43,1.09,1.04,2024-05-09,0826,A,93,6.1NRT,310.23,46.47,D
22.78963,77.39584,331.45,1.44,1.19,2024-05-09,0826,A,58,6.1NRT,310.36,18.89,D
24.10733,82.98579,340.42,1.07,1.03,2024-05-09,0826,A,74,6.1NRT,313.32,24.3,D
24.11645,82.98431,331,1.07,1.03,2024-05-09,0826,A,54,6.1NRT,311.66,9.12,D
25.19747,90.42229,312.58,3.34,1.72,2024-05-09,0826,A,55,6.1NRT,289.02,38.32,D
24.2668,80.60451,334.71,1.01,1,2024-05-09,0826,A,75,6.1NRT,312.94,15.23,D
24.53752,81.00072,333.84,1,1,2024-05-09,0826,A,71,6.1NRT,309.45,12.11,D
24.9604,83.69465,328.33,1.16,1.07,2024-05-09,0826,A,37,6.1NRT,305.86,9.39,D
24.63883,81.06618,335.25,1,1,2024-05-09,0826,A,64,6.1NRT,314.11,11.35,D
24.63741,81.05652,346.32,1,1,2024-05-09,0826,A,89,6.1NRT,314.55,30.62,D
24.64765,81.06461,348.61,1,1,2024-05-09,0826,A,91,6.1NRT,314.12,36.35,D
25.242,84.40871,346.82,1.27,1.12,2024-05-09,0826,A,91,6.1NRT,303.66,55.12,D
25.33136,84.30074,329.94,1.26,1.11,2024-05-09,0826,A,71,6.1NRT,303.03,14.72,D
25.35262,84.31005,334.07,1.26,1.11,2024-05-09,0826,A,78,6.1NRT,303,23.14,D
24.98963,81.51218,339.59,1,1,2024-05-09,0826,A,79,6.1NRT,312.96,18.17,D
24.98824,81.50244,338.05,1,1,2024-05-09,0826,A,78,6.1NRT,313.41,16.14,D
24.85532,80.22266,350.14,1.02,1.01,2024-05-09,0826,A,92,6.1NRT,311.8,40.81,D
24.57702,77.19667,345.74,1.38,1.16,2024-05-09,0826,A,87,6.1NRT,321.3,35.28,D
25.7275,80.93755,333.52,1,1,2024-05-09,0826,A,65,6.1NRT,314.17,10.31,D
25.73632,80.93596,335.91,1,1,2024-05-09,0826,A,72,6.1NRT,313.95,13.45,D
25.77717,80.64161,331.15,1,1,2024-05-09,0826,A,52,6.1NRT,313.18,7.24,D
25.32215,77.75645,342.4,1.25,1.11,2024-05-09,0826,A,83,6.1NRT,321.42,28.77,D
25.3201,77.74429,352.03,1.25,1.11,2024-05-09,0826,A,94,6.1NRT,321.79,55.88,D
25.67064,79.5135,338.54,1.05,1.02,2024-05-09,0826,A,77,6.1NRT,316.51,16.59,D
25.60746,78.81628,344.49,1.1,1.05,2024-05-09,0826,A,86,6.1NRT,321.33,26.41,D
25.19762,76.10788,337.88,1.58,1.24,2024-05-09,0826,A,62,6.1NRT,320.93,19.29,D
26.33869,83.31586,327.66,1.15,1.07,2024-05-09,0826,A,66,6.1NRT,302.12,12.82,D
26.33723,83.30455,329.37,1.15,1.07,2024-05-09,0826,A,63,6.1NRT,302.54,15.53,D
25.31507,76.39076,346.65,1.51,1.21,2024-05-09,0826,A,88,6.1NRT,320.71,49.23,D
25.31252,76.37617,341.31,1.51,1.21,2024-05-09,0826,A,82,6.1NRT,320.66,29.5,D
25.31803,76.38487,350.54,1.51,1.21,2024-05-09,0826,A,92,6.1NRT,321.78,62.36,D
25.77785,78.90253,337.21,1.09,1.04,2024-05-09,0826,A,70,6.1NRT,320.64,10.69,D
25.43176,76.65543,340.14,1.44,1.19,2024-05-09,0826,A,80,6.1NRT,317.98,28.49,D
25.9954,79.81651,331.89,1.02,1.01,2024-05-09,0826,A,60,6.1NRT,314.66,7.94,D
26.46154,83.06673,326.84,1.13,1.06,2024-05-09,0826,A,64,6.1NRT,302.53,9.61,D
26.46012,83.05565,325.71,1.12,1.06,2024-05-09,0826,A,60,6.1NRT,302.56,8.07,D
25.91459,79.11839,332.76,1.07,1.03,2024-05-09,0826,A,62,6.1NRT,315.36,9.62,D
26.04149,79.81802,333.28,1.02,1.01,2024-05-09,0826,A,66,6.1NRT,315.97,9.32,D
25.822,78.03719,344.42,1.19,1.08,2024-05-09,0826,A,86,6.1NRT,315.29,30.38,D
26.58089,82.42908,324.17,1.07,1.03,2024-05-09,0826,A,44,6.1NRT,302.82,7.07,D
26.08315,78.95407,332.86,1.08,1.04,2024-05-09,0826,A,63,6.1NRT,313.91,11.17,D
26.19098,79.46585,330.95,1.04,1.02,2024-05-09,0828,A,55,6.1NRT,313.51,9.25,D
26.52862,81.18759,332.76,1.01,1,2024-05-09,0828,A,72,6.1NRT,306.54,15.09,D
26.22026,79.06194,342.32,1.07,1.03,2024-05-09,0828,A,84,6.1NRT,312,29.09,D
26.56086,81.14468,327.48,1,1,2024-05-09,0828,A,58,6.1NRT,305.85,8.73,D
26.86608,83.0565,326.39,1.13,1.06,2024-05-09,0828,A,68,6.1NRT,302.48,9.52,D
25.99249,77.15426,362.88,1.32,1.14,2024-05-09,0828,A,100,6.1NRT,315.37,107.78,D
25.99033,77.14153,351.44,1.32,1.14,2024-05-09,0828,A,93,6.1NRT,315.15,66.23,D
26.00247,77.15204,347.77,1.32,1.14,2024-05-09,0828,A,90,6.1NRT,316.31,50.12,D
26.0003,77.13922,347.25,1.32,1.14,2024-05-09,0828,A,89,6.1NRT,315.65,50.16,D
26.00065,77.14707,357.35,1.32,1.14,2024-05-09,0828,A,98,6.1NRT,317.97,82.11,D
26.83556,81.5941,325.32,1.02,1.01,2024-05-09,0828,A,55,6.1NRT,303.54,8.01,D
26.62408,79.21836,329.52,1.05,1.02,2024-05-09,0828,A,63,6.1NRT,311.46,8.92,D
27.37832,81.38966,328.28,1.02,1.01,2024-05-09,0828,A,57,6.1NRT,305.01,10.31,D
27.70283,81.74297,326.78,1.04,1.02,2024-05-09,0828,A,65,6.1NRT,305.24,7.45,D
27.83827,81.25697,335.47,1.02,1.01,2024-05-09,0828,A,61,6.1NRT,306.09,20.73,D
28.0779,80.66398,338.5,1,1,2024-05-09,0828,A,84,6.1NRT,303.56,26.26,D
28.26131,80.34105,325.2,1,1,2024-05-09,0828,A,14,6.1NRT,305.37,8.53,D
28.46764,80.61881,327.98,1,1,2024-05-09,0828,A,57,6.1NRT,305.08,11.63,D
28.62342,80.93509,332.76,1.01,1.01,2024-05-09,0828,A,75,6.1NRT,309.38,13,D
28.58881,80.42963,324.57,1,1,2024-05-09,0828,A,60,6.1NRT,304.85,7.55,D
28.68011,80.29263,343.53,1,1,2024-05-09,0828,A,89,6.1NRT,307.07,31.85,D
28.75981,79.88443,331.4,1,1,2024-05-09,0828,A,42,6.1NRT,308.18,14.63,D
28.75833,79.8744,328.63,1,1,2024-05-09,0828,A,44,6.1NRT,307.61,11.3,D
28.82422,80.2635,328.39,1,1,2024-05-09,0828,A,63,6.1NRT,301.15,14.1,D
29.04849,79.41632,323.84,1.01,1,2024-05-09,0828,A,62,6.1NRT,303.61,9.8,D
28.92911,78.04359,324.24,1.09,1.04,2024-05-09,0828,A,53,6.1NRT,305.51,7.71,D
29.0171,76.8865,331.75,1.22,1.1,2024-05-09,0828,A,59,6.1NRT,310.93,14.2,D
29.01913,76.87948,331.4,1.22,1.1,2024-05-09,0828,A,57,6.1NRT,311.22,13.5,D
29.01934,76.41017,337.54,1.29,1.13,2024-05-09,0828,A,75,6.1NRT,313.89,20.96,D
29.0181,76.34304,331.7,1.31,1.13,2024-05-09,0828,A,56,6.1NRT,313.88,11.88,D
29.24281,76.86771,335.38,1.22,1.1,2024-05-09,0828,A,74,6.1NRT,310.48,20.9,D
29.74841,78.37173,319.17,1.05,1.02,2024-05-09,0828,A,33,6.1NRT,300.1,5.38,D
29.60484,75.17929,332.76,1.49,1.21,2024-05-09,0828,A,62,6.1NRT,314.02,17.66,D
29.59664,74.69036,337.08,1.6,1.25,2024-05-09,0828,A,74,6.1NRT,315.08,27.95,D
30.03989,75.76246,334.53,1.35,1.15,2024-05-09,0828,A,69,6.1NRT,310.5,22.86,D
29.9945,74.58333,331.2,1.6,1.24,2024-05-09,0828,A,52,6.1NRT,311.59,14.89,D
30.0598,74.87832,333.65,1.53,1.22,2024-05-09,0828,A,65,6.1NRT,311.87,22.54,D
30.0622,74.87247,330.9,1.53,1.22,2024-05-09,0828,A,49,6.1NRT,311.9,16.55,D
30.11526,74.65734,333,1.57,1.23,2024-05-09,0828,A,66,6.1NRT,311.83,19.89,D
30.19495,75.02251,329.47,1.48,1.2,2024-05-09,0828,A,38,6.1NRT,311.7,14.95,D
30.04484,74.10748,330.95,1.71,1.28,2024-05-09,0828,A,59,6.1NRT,311.39,20.05,D
30.15837,74.64646,333.75,1.57,1.23,2024-05-09,0828,A,68,6.1NRT,310.85,21.87,D
30.22273,74.87361,333.79,1.51,1.21,2024-05-09,0828,A,68,6.1NRT,312.6,22.4,D
30.34377,75.15009,330.75,1.45,1.19,2024-05-09,0828,A,60,6.1NRT,311.38,15.94,D
30.39579,75.25836,333,1.42,1.18,2024-05-09,0828,A,69,6.1NRT,310.84,22.43,D
30.40793,74.72971,336.52,1.53,1.22,2024-05-09,0828,A,77,6.1NRT,310.41,32.71,D
30.40502,74.71427,332.62,1.54,1.22,2024-05-09,0828,A,69,6.1NRT,310.41,22.44,D
30.53323,75.28738,332.04,1.41,1.18,2024-05-09,0828,A,70,6.1NRT,311.59,19.24,D
30.4435,73.99809,334.44,1.7,1.28,2024-05-09,0828,A,75,6.1NRT,309.89,26.88,D
30.69795,74.99206,344.14,1.46,1.19,2024-05-09,0828,A,88,6.1NRT,312.3,52.4,D
30.69526,74.97729,332.81,1.46,1.19,2024-05-09,0828,A,72,6.1NRT,311.73,20.52,D
30.70838,74.98944,341.65,1.46,1.19,2024-05-09,0828,A,85,6.1NRT,311.48,45.24,D
30.7057,74.97467,352,1.46,1.19,2024-05-09,0828,A,94,6.1NRT,312.04,80.92,D
30.64187,74.626,331.2,1.54,1.22,2024-05-09,0828,A,67,6.1NRT,309.36,16.23,D
30.57673,74.14668,330.7,1.65,1.26,2024-05-09,0828,A,67,6.1NRT,308.29,17.61,D
30.60982,74.13811,336.69,1.65,1.26,2024-05-09,0828,A,79,6.1NRT,307.9,36.12,D
30.67081,74.27801,332.23,1.62,1.25,2024-05-09,0828,A,71,6.1NRT,307.57,20.71,D
31.24851,77.21414,318.77,1.11,1.05,2024-05-09,0828,A,63,6.1NRT,301.77,8.1,D
30.76792,74.48355,330.95,1.56,1.23,2024-05-09,0828,A,68,6.1NRT,309.33,16.3,D
30.76495,74.46776,334.71,1.57,1.23,2024-05-09,0828,A,76,6.1NRT,309.89,26.88,D
30.73475,74.30771,336.09,1.6,1.25,2024-05-09,0828,A,78,6.1NRT,308.91,32.69,D
30.73167,74.29149,332.14,1.61,1.25,2024-05-09,0828,A,71,6.1NRT,308.18,22.22,D
30.84155,74.81953,329.99,1.48,1.2,2024-05-09,0828,A,67,6.1NRT,309.97,14.1,D
30.74256,74.28868,329.63,1.61,1.25,2024-05-09,0828,A,64,6.1NRT,306.39,16.56,D
30.75345,74.28587,327.58,1.61,1.25,2024-05-09,0828,A,44,6.1NRT,305.69,12.46,D
30.77643,74.34774,327.35,1.59,1.24,2024-05-09,0828,A,54,6.1NRT,306.48,13.47,D
30.76434,74.28304,338.21,1.61,1.25,2024-05-09,0828,A,81,6.1NRT,307.13,43.37,D
30.82424,74.34531,331.84,1.59,1.24,2024-05-09,0828,A,72,6.1NRT,307.8,25.71,D
30.97583,75.04148,332.52,1.43,1.18,2024-05-09,0828,A,75,6.1NRT,310.67,19.36,D
30.97318,75.02695,331.4,1.43,1.18,2024-05-09,0828,A,73,6.1NRT,311.12,16.31,D
30.99124,75.00717,353.05,1.44,1.19,2024-05-09,0828,A,95,6.1NRT,310.97,81.87,D
30.9886,74.99257,347.58,1.44,1.19,2024-05-09,0828,A,91,6.1NRT,312.13,61.71,D
30.87948,74.3981,327.17,1.57,1.24,2024-05-09,0828,A,49,6.1NRT,306.92,14.09,D
30.91273,74.45595,352.76,1.56,1.23,2024-05-09,0828,A,95,6.1NRT,309.56,94.24,D
30.94964,74.63706,327.99,1.51,1.21,2024-05-09,0828,A,65,6.1NRT,306.83,15.9,D
30.91731,74.46635,339.71,1.55,1.23,2024-05-09,0828,A,84,6.1NRT,308.27,45.1,D
30.91432,74.45061,344.63,1.56,1.23,2024-05-09,0828,A,89,6.1NRT,309.47,62.45,D
31.01622,74.9345,372.34,1.45,1.19,2024-05-09,0828,A,100,6.1NRT,313.58,178.78,D
31.0135,74.9198,339.39,1.45,1.19,2024-05-09,0828,A,84,6.1NRT,311.35,38.42,D
31.05599,75.09175,336.26,1.42,1.18,2024-05-09,0828,A,81,6.1NRT,310.96,30.33,D
31.02662,74.93188,333.79,1.45,1.19,2024-05-09,0828,A,78,6.1NRT,309.44,23.34,D
31.0239,74.91717,330.4,1.45,1.19,2024-05-09,0828,A,67,6.1NRT,309.59,16.06,D
30.9593,74.57003,326.49,1.53,1.22,2024-05-09,0828,A,56,6.1NRT,307.36,14.63,D
31.11737,75.37129,326.67,1.36,1.16,2024-05-09,0828,A,67,6.1NRT,304.87,21.38,D
31.06628,75.08918,336.82,1.42,1.18,2024-05-09,0828,A,82,6.1NRT,309.8,32.22,D
31.14846,74.52575,327.93,1.53,1.22,2024-05-09,0828,A,49,6.1NRT,308.08,14.49,D
31.19456,74.59454,334.12,1.51,1.21,2024-05-09,0828,A,78,6.1NRT,309.37,24.6,D
31.31729,74.9319,330.04,1.43,1.18,2024-05-09,0828,A,71,6.1NRT,310.04,14.6,D
31.28413,74.6923,331.6,1.48,1.2,2024-05-09,0828,A,73,6.1NRT,309.71,17.31,D
31.3029,74.73467,335.07,1.47,1.2,2024-05-09,0828,A,79,6.1NRT,310,26.61,D
31.31062,74.717,337.63,1.47,1.2,2024-05-09,0828,A,82,6.1NRT,310.47,33.37,D
31.60081,75.64467,333.7,1.29,1.13,2024-05-09,0828,A,81,6.1NRT,308.18,23.35,D
31.57968,75.46886,331.35,1.32,1.14,2024-05-09,0828,A,71,6.1NRT,309.59,16.08,D
31.65127,75.52129,335.47,1.31,1.13,2024-05-09,0828,A,82,6.1NRT,309.02,23.46,D
31.71576,75.59716,335.83,1.29,1.13,2024-05-09,0828,A,83,6.1NRT,309.89,24.31,D
31.71341,75.58392,336.52,1.29,1.13,2024-05-09,0828,A,84,6.1NRT,309.23,25.78,D
31.61233,75.02086,327.85,1.4,1.17,2024-05-09,0828,A,68,6.1NRT,306.8,17.93,D
31.74537,75.58987,331.94,1.29,1.13,2024-05-09,0828,A,74,6.1NRT,310.04,16.29,D
31.75672,75.12565,326.53,1.37,1.16,2024-05-09,0828,A,65,6.1NRT,308.05,11.31,D
31.79426,75.21809,328.48,1.35,1.15,2024-05-09,0828,A,55,6.1NRT,307.8,12.47,D
31.79181,75.20422,332.47,1.35,1.15,2024-05-09,0828,A,77,6.1NRT,308.32,20.74,D
31.76946,74.80279,340.69,1.43,1.18,2024-05-09,0828,A,86,6.1NRT,309.53,45.51,D
31.95277,75.12272,332.23,1.36,1.15,2024-05-09,0828,A,76,6.1NRT,308.74,20.14,D
31.95028,75.10875,331.84,1.36,1.16,2024-05-09,0828,A,76,6.1NRT,309,19.06,D
31.9453,75.08077,329.89,1.37,1.16,2024-05-09,0828,A,72,6.1NRT,308.01,15.2,D
31.99994,75.10522,330.55,1.36,1.15,2024-05-09,0828,A,75,6.1NRT,309.18,15.93,D
31.81994,73.95175,327.4,1.6,1.25,2024-05-09,0828,A,57,6.1NRT,308.47,14.82,D
32.31322,76.68829,320.3,1.13,1.06,2024-05-09,0828,A,64,6.1NRT,293.8,20.43,D
31.51523,72.24574,330.6,2.1,1.41,2024-05-09,0828,A,71,6.1NRT,310.33,28.77,D
32.14674,75.46006,331.6,1.29,1.13,2024-05-09,0828,A,78,6.1NRT,309.57,18.2,D
31.93308,74.23465,328.82,1.53,1.22,2024-05-09,0828,A,64,6.1NRT,307.2,19.27,D
32.14806,75.01181,335.47,1.37,1.16,2024-05-09,0828,A,82,6.1NRT,307.54,31.13,D
32.14549,74.99776,336.82,1.37,1.16,2024-05-09,0828,A,83,6.1NRT,307.16,34.62,D
32.02265,74.33621,328.41,1.5,1.21,2024-05-09,0828,A,63,6.1NRT,309.21,14.87,D
31.98749,73.91228,331.35,1.6,1.25,2024-05-09,0828,A,70,6.1NRT,310.33,22.35,D
32.01083,73.85423,328.3,1.61,1.25,2024-05-09,0828,A,46,6.1NRT,308.66,16.1,D
31.94202,73.24973,328.69,1.77,1.3,2024-05-09,0830,A,66,6.1NRT,308.11,19,D
31.98487,73.11813,331.1,1.8,1.31,2024-05-09,0830,A,72,6.1NRT,307.88,34.59,D
32.08184,73.43073,331.7,1.71,1.28,2024-05-09,0830,A,73,6.1NRT,308.07,26.3,D
32.4755,74.9246,333.33,1.36,1.16,2024-05-09,0830,A,81,6.1NRT,307.06,22.96,D
32.47298,74.9105,328.28,1.37,1.16,2024-05-09,0830,A,41,6.1NRT,306.77,14.06,D
32.48561,74.922,327.26,1.36,1.16,2024-05-09,0830,A,47,6.1NRT,306.67,10.66,D
32.4831,74.90788,330.5,1.37,1.16,2024-05-09,0830,A,76,6.1NRT,306.93,19.24,D
32.51731,74.81965,332.33,1.38,1.16,2024-05-09,0830,A,80,6.1NRT,306.51,25.95,D
32.51473,74.8054,334.89,1.38,1.16,2024-05-09,0830,A,83,6.1NRT,306.1,31.5,D
32.50169,74.73376,326.13,1.4,1.17,2024-05-09,0830,A,62,6.1NRT,305.93,12.76,D
32.51712,74.75986,330.6,1.39,1.17,2024-05-09,0830,A,78,6.1NRT,305.79,20.79,D
32.57279,74.84313,325.78,1.37,1.16,2024-05-09,0830,A,62,6.1NRT,305.36,11.51,D
32.59518,74.73286,325.5,1.39,1.17,2024-05-09,0830,A,72,6.1NRT,306,11.36,D
32.58467,74.6752,335.52,1.4,1.17,2024-05-09,0830,A,84,6.1NRT,306.15,34.3,D
32.75422,74.46561,323.53,1.43,1.18,2024-05-09,0830,A,62,6.1NRT,305.76,13.34,D
24.85519,55.06471,331,1.04,1.02,2024-05-09,1006,A,45,6.1NRT,314.63,11.41,D
27.32236,56.51892,336.65,1.01,1.01,2024-05-09,1006,A,74,6.1NRT,324,11.48,D
27.76786,58.11576,343.71,1.13,1.06,2024-05-09,1006,A,85,6.1NRT,323.95,27.77,D
30.08649,55.39615,328.4,1,1,2024-05-09,1006,A,60,6.1NRT,316.77,8.61,D
